,Champion,Count,Tier,Traits,Item,Placement_List,Average_Placement,Average_Tier,Average_#_Item,Count(%)
0,TFT3_Malphite,242,"{2: 154, 3: 65, 1: 23}","{'Demolitionist_1': 96, 'Infiltrator_1': 78, 'Mercenary_1': 128, 'Set3_Brawler_2': 147, 'Set3_Void_1': 84, 'Blaster_1': 101, 'Rebel_2': 85, 'Set3_Mystic_1': 50, 'Starship_1': 46, 'Chrono_1': 150, 'Set3_Brawler_1': 16, 'Set3_Sorcerer_1': 84, 'Set3_Celestial_1': 4, 'Blaster_2': 37, 'Rebel_1': 48, 'Valkyrie_1': 15, 'Set3_Blademaster_1': 14, 'Infiltrator_2': 5, 'Cybernetic_1': 5, 'ManaReaver_1': 3, 'Vanguard_1': 1, 'SpacePirate_1': 9, 'DarkStar_2': 1, 'Sniper_1': 1}","{55: 19, 27: 21, 69: 1, 88: 3, 13: 1, 67: 16, 45: 3, 36: 16, 6: 4, 15: 2, 77: 7, 56: 1, 7: 5, 35: 3, 66: 8, 23: 2, 33: 1, 59: 8, 25: 3, 5: 3, 3: 1, 78: 2, 57: 1, 12: 1, 17: 1, 99: 1}","{3: 27, 5: 39, 2: 32, 7: 26, 1: 41, 8: 24, 6: 28, 4: 25}",4.2272727272727275,2.1735537190082646,0.5537190082644629,3.466055571469493
1,TFT3_KhaZix,147,"{2: 52, 3: 93, 1: 2}","{'Demolitionist_1': 38, 'Infiltrator_1': 86, 'Mercenary_1': 12, 'Set3_Brawler_2': 80, 'Set3_Void_1': 94, 'Chrono_1': 93, 'Set3_Brawler_1': 17, 'Set3_Sorcerer_1': 128, 'Infiltrator_2': 52, 'MechPilot_1': 51, 'Valkyrie_1': 16, 'DarkStar_1': 3, 'Set3_Mystic_1': 4, 'Starship_1': 1, 'Infiltrator_3': 4}","{19: 52, 15: 71, 47: 2, 69: 3, 23: 2, 99: 2, 22: 58, 17: 16, 24: 3, 11: 9, 3: 2, 66: 1, 26: 12, 12: 6, 16: 10, 77: 1, 14: 1, 13: 4, 45: 6, 25: 2, 79: 2, 2: 4, 36: 2, 57: 2, 9: 1, 29: 2, 6: 2, 27: 1, 56: 1, 88: 1}","{3: 23, 7: 19, 6: 21, 5: 19, 2: 16, 8: 16, 4: 8, 1: 25}",4.35374149659864,2.619047619047619,1.91156462585034,2.1054139215124605
2,TFT3_Blitzcrank,216,"{1: 36, 2: 177, 3: 3}","{'Demolitionist_1': 27, 'Infiltrator_1': 85, 'Mercenary_1': 92, 'Set3_Brawler_2': 148, 'Set3_Void_1': 92, 'Chrono_1': 184, 'Set3_Brawler_1': 42, 'Set3_Sorcerer_1': 91, 'Blaster_2': 37, 'Rebel_1': 50, 'Blaster_1': 56, 'Chrono_2': 14, 'Set3_Blademaster_1': 36, 'Set3_Celestial_1': 30, 'Valkyrie_1': 34, 'Set3_Mystic_1': 30, 'Starship_1': 19, 'Rebel_2': 5, 'ManaReaver_1': 31, 'Protector_1': 3, 'Set3_Celestial_2': 2, 'Cybernetic_1': 9, 'Infiltrator_2': 7, 'Vanguard_1': 8, 'Cybernetic_2': 1, 'MechPilot_1': 1, 'SpacePirate_1': 4, 'Set3_Blademaster_2': 1, 'Sniper_1': 4}","{57: 1, 46: 6, 79: 1, 67: 23, 17: 2, 27: 2, 88: 3, 3: 1, 66: 1}","{3: 21, 7: 30, 8: 26, 2: 24, 1: 32, 5: 31, 6: 28, 4: 24}",4.537037037037037,1.8472222222222223,0.18518518518518517,3.093669435691779
3,TFT3_Vi,245,"{2: 209, 1: 34, 3: 2}","{'Demolitionist_1': 28, 'Infiltrator_1': 91, 'Mercenary_1': 103, 'Set3_Brawler_2': 147, 'Set3_Void_1': 85, 'Chrono_1': 190, 'Set3_Brawler_1': 31, 'Set3_Sorcerer_1': 83, 'Blaster_2': 37, 'Rebel_1': 50, 'Blaster_1': 80, 'Cybernetic_2': 44, 'ManaReaver_1': 75, 'Set3_Blademaster_1': 70, 'Set3_Mystic_1': 24, 'Valkyrie_1': 41, 'Starship_1': 17, 'Cybernetic_1': 29, 'Set3_Celestial_1': 39, 'Vanguard_1': 17, 'Infiltrator_2': 5, 'Sniper_1': 2, 'SpacePirate_1': 6, 'Set3_Blademaster_2': 1, 'MechPilot_1': 1, 'Rebel_2': 1, 'Chrono_2': 1}","{38: 3, 4: 7, 35: 10, 44: 1, 36: 34, 49: 1, 47: 23, 99: 4, 45: 23, 5: 4, 37: 1, 7: 4, 8: 2, 3: 4, 25: 2, 88: 6, 67: 13, 1: 1, 66: 8, 77: 5, 46: 1, 68: 3, 59: 4, 33: 2, 2: 2, 26: 1, 14: 1, 27: 1, 69: 2, 15: 2, 12: 2, 9: 1, 6: 1, 55: 3, 13: 2, 56: 1, 28: 2, 79: 1}","{3: 30, 7: 32, 8: 25, 4: 29, 5: 31, 1: 34, 6: 34, 2: 30}",4.420408163265306,1.8693877551020408,0.7673469387755102,3.5090232025207677
4,TFT3_ChoGath,219,"{2: 183, 1: 32, 3: 4}","{'Demolitionist_1': 28, 'Infiltrator_1': 92, 'Mercenary_1': 88, 'Set3_Brawler_2': 159, 'Set3_Void_1': 105, 'Blaster_2': 38, 'Chrono_1': 194, 'Rebel_1': 52, 'Set3_Sorcerer_1': 103, 'Blaster_1': 56, 'Set3_Mystic_1': 30, 'Valkyrie_1': 28, 'ManaReaver_1': 27, 'Set3_Blademaster_1': 25, 'Set3_Celestial_1': 28, 'Infiltrator_2': 7, 'Set3_Brawler_1': 44, 'Starship_1': 17, 'Vanguard_1': 8, 'Cybernetic_1': 9, 'Set3_Celestial_2': 2, 'Sniper_1': 6, 'DarkStar_2': 1, 'MechPilot_1': 2, 'SpacePirate_1': 3, 'Chrono_2': 1, 'Protector_1': 1}","{66: 6, 46: 2, 67: 12, 5: 4, 4: 5, 68: 4, 25: 11, 35: 9, 47: 18, 36: 17, 16: 1, 79: 10, 77: 11, 89: 1, 15: 5, 45: 7, 37: 6, 7: 3, 9: 3, 6: 3, 28: 1, 14: 1, 18: 1, 99: 8, 49: 2, 19: 2, 69: 2, 59: 8, 55: 8, 22: 1, 39: 3, 27: 7, 44: 3, 3: 3, 48: 2, 58: 1, 2: 1, 33: 1, 17: 4, 34: 3, 12: 1, 11: 1, 13: 1, 78: 2, 88: 1, 26: 1}","{3: 27, 8: 22, 7: 30, 1: 34, 5: 28, 2: 25, 4: 27, 6: 26}",4.360730593607306,1.8721461187214612,0.9452054794520548,3.136637066743054
5,TFT3_VelKoz,125,"{2: 99, 1: 17, 3: 9}","{'Demolitionist_1': 16, 'Infiltrator_1': 94, 'Mercenary_1': 18, 'Set3_Brawler_2': 89, 'Set3_Void_1': 106, 'Chrono_1': 114, 'Set3_Sorcerer_3': 14, 'StarGuardian_1': 12, 'Set3_Brawler_1': 19, 'Set3_Sorcerer_1': 105, 'Set3_Sorcerer_2': 1, 'Vanguard_1': 11, 'Infiltrator_2': 8, 'SpacePirate_1': 3, 'StarGuardian_2': 1, 'ManaReaver_1': 2, 'Set3_Celestial_2': 1, 'Sniper_1': 1, 'Set3_Mystic_1': 4, 'MechPilot_1': 3, 'Starship_1': 1, 'DarkStar_1': 1, 'Set3_Sorcerer_4': 1}","{44: 63, 69: 52, 37: 67, 39: 3, 19: 3, 33: 24, 14: 7, 79: 12, 15: 5, 34: 10, 24: 3, 28: 4, 49: 4, 57: 2, 4: 3, 38: 9, 59: 1, 48: 2, 46: 6, 13: 2, 55: 2, 45: 2, 3: 2, 17: 1, 47: 2, 66: 3, 35: 2, 23: 1}","{3: 19, 6: 16, 7: 14, 5: 16, 2: 15, 4: 11, 1: 27, 8: 7}",3.904,1.936,2.376,1.7903179604697794
6,TFT3_Fizz,144,"{2: 122, 1: 18, 3: 4}","{'Demolitionist_1': 44, 'Infiltrator_1': 78, 'Mercenary_1': 16, 'Set3_Brawler_2': 68, 'Set3_Void_1': 80, 'Infiltrator_2': 61, 'MechPilot_1': 60, 'Valkyrie_1': 24, 'Chrono_1': 79, 'Set3_Sorcerer_1': 119, 'Set3_Blademaster_1': 3, 'ManaReaver_1': 3, 'Protector_2': 1, 'Set3_Celestial_2': 3, 'SpacePirate_1': 1, 'Set3_Brawler_1': 12, 'Protector_1': 2, 'Sniper_1': 2, 'DarkStar_1': 3, 'Set3_Mystic_1': 2, 'Starship_1': 1, 'Infiltrator_3': 4, 'Set3_Sorcerer_3': 1}","{34: 3, 39: 2, 67: 3, 69: 4, 2: 3, 17: 5, 11: 2, 24: 2, 99: 5, 45: 13, 47: 2, 29: 4, 55: 4, 59: 6, 12: 5, 57: 3, 5: 1, 19: 2, 26: 5, 68: 1, 1: 2, 56: 3, 49: 2, 46: 1, 36: 3, 16: 2, 14: 1, 66: 1, 48: 1, 8: 1, 23: 1}","{3: 23, 6: 20, 7: 15, 5: 18, 2: 16, 8: 15, 4: 11, 1: 26}",4.208333333333333,1.9027777777777777,0.6458333333333334,2.062446290461186
7,TFT3_Gangplank,205,"{2: 98, 1: 107}","{'Demolitionist_1': 169, 'Infiltrator_1': 7, 'Mercenary_1': 205, 'Set3_Brawler_2': 13, 'Set3_Void_1': 8, 'Chrono_1': 81, 'ManaReaver_1': 66, 'Set3_Blademaster_1': 43, 'Set3_Celestial_1': 56, 'Set3_Mystic_1': 62, 'Valkyrie_1': 40, 'Blaster_1': 103, 'Rebel_2': 78, 'Set3_Sorcerer_3': 8, 'StarGuardian_1': 7, 'Starship_1': 48, 'Rebel_1': 19, 'Set3_Brawler_1': 19, 'Chrono_2': 4, 'Sniper_1': 41, 'SpacePirate_1': 40, 'Vanguard_1': 46, 'Set3_Celestial_2': 11, 'Protector_1': 4, 'SpacePirate_2': 25, 'Blaster_2': 4, 'Set3_Sorcerer_1': 13, 'Infiltrator_2': 6, 'MechPilot_1': 7, 'Cybernetic_1': 3, 'DarkStar_1': 5, 'Vanguard_2': 1, 'Set3_Sorcerer_4': 1, 'Set3_Mystic_2': 1}","{15: 117, 22: 3, 35: 11, 37: 28, 36: 57, 59: 9, 69: 19, 33: 35, 47: 13, 67: 5, 66: 11, 25: 5, 99: 6, 44: 18, 49: 9, 14: 3, 79: 9, 4: 3, 58: 8, 3: 3, 45: 14, 11: 1, 55: 8, 39: 12, 34: 9, 68: 2, 23: 1, 7: 1, 77: 3, 17: 2, 5: 1, 16: 1, 13: 2, 56: 1, 48: 1, 6: 1, 1: 2, 27: 1, 46: 1}","{3: 28, 1: 30, 5: 28, 6: 28, 2: 25, 7: 23, 8: 23, 4: 20}",4.375609756097561,1.4780487804878049,2.126829268292683,2.936121455170438
8,TFT3_Darius,45,"{3: 12, 2: 25, 1: 8}","{'ManaReaver_1': 38, 'Protector_1': 12, 'Set3_Celestial_3': 2, 'Sniper_1': 19, 'SpacePirate_1': 18, 'Vanguard_1': 28, 'Set3_Celestial_2': 14, 'Infiltrator_1': 1, 'Protector_2': 1, 'Demolitionist_1': 21, 'Mercenary_1': 28, 'SpacePirate_2': 25, 'Blaster_2': 3, 'Set3_Celestial_1': 12, 'Vanguard_2': 1, 'Set3_Mystic_1': 4, 'Blaster_1': 12, 'Valkyrie_1': 3, 'Chrono_1': 13, 'Rebel_1': 4, 'Starship_1': 3, 'Set3_Sorcerer_3': 1, 'StarGuardian_1': 1, 'Infiltrator_2': 1, 'MechPilot_1': 1}","{39: 5, 19: 4, 69: 5, 33: 11, 78: 3, 44: 2, 37: 1, 4: 1, 3: 1, 47: 1, 67: 1, 36: 15, 79: 1, 49: 1, 6: 1, 55: 1, 77: 1, 66: 1, 25: 1, 38: 1, 2: 1, 15: 4, 1: 1, 58: 1}","{4: 3, 8: 12, 7: 9, 6: 7, 1: 4, 5: 5, 2: 1, 3: 4}",5.688888888888889,2.088888888888889,1.4444444444444444,0.6445144657691206
9,TFT3_Rakan,105,"{2: 67, 1: 14, 3: 24}","{'ManaReaver_1': 57, 'Protector_1': 89, 'Set3_Celestial_3': 2, 'Sniper_1': 59, 'SpacePirate_1': 15, 'Vanguard_1': 9, 'Blaster_1': 1, 'Demolitionist_1': 5, 'Mercenary_1': 9, 'Rebel_2': 1, 'Set3_Celestial_1': 20, 'Set3_Mystic_1': 27, 'Starship_1': 1, 'Chrono_1': 87, 'Set3_Blademaster_1': 84, 'Set3_Celestial_2': 83, 'Infiltrator_1': 4, 'Protector_2': 3, 'DarkStar_2': 1, 'Set3_Sorcerer_1': 2, 'DarkStar_1': 1, 'Valkyrie_1': 2, 'Set3_Blademaster_2': 1, 'Set3_Mystic_2': 1}","{88: 2, 7: 2, 55: 1, 6: 3, 46: 3, 35: 1, 14: 13, 37: 13, 45: 20, 67: 6, 2: 1, 49: 2, 17: 5, 18: 2, 23: 2, 25: 1, 12: 1, 34: 3, 47: 4, 59: 1, 4: 3, 44: 5, 99: 3, 15: 2, 26: 1, 66: 1, 9: 1, 27: 1, 3: 1, 36: 1, 69: 1, 13: 1}","{4: 17, 1: 17, 8: 17, 3: 12, 2: 20, 5: 10, 7: 6, 6: 6}",4.0476190476190474,2.0952380952380953,1.019047619047619,1.5038670867946147
10,TFT3_XinZhao,24,"{2: 8, 1: 7, 3: 9}","{'ManaReaver_1': 16, 'Protector_1': 18, 'Set3_Celestial_3': 2, 'Sniper_1': 13, 'SpacePirate_1': 12, 'Vanguard_1': 8, 'Set3_Celestial_2': 18, 'Infiltrator_1': 1, 'Protector_2': 3, 'Blaster_1': 2, 'Chrono_1': 8, 'Cybernetic_1': 1, 'Set3_Blademaster_1': 7, 'Set3_Celestial_1': 4, 'Demolitionist_1': 3, 'Mercenary_1': 2, 'SpacePirate_2': 2, 'DarkStar_2': 1, 'Set3_Mystic_1': 3, 'Set3_Sorcerer_1': 1, 'DarkStar_1': 1, 'Cybernetic_2': 1}","{47: 2, 17: 1, 5: 1, 15: 2, 22: 2, 55: 1, 27: 4, 88: 1, 36: 1, 16: 1, 23: 2, 67: 1, 11: 1}","{4: 4, 8: 3, 5: 5, 7: 4, 2: 3, 1: 1, 3: 3, 6: 1}",4.791666666666667,2.0833333333333335,0.8333333333333334,0.34374104841019765
11,TFT3_Jayce,155,"{2: 135, 3: 8, 1: 12}","{'ManaReaver_1': 120, 'Protector_1': 14, 'Set3_Celestial_3': 2, 'Sniper_1': 57, 'SpacePirate_1': 48, 'Vanguard_1': 126, 'Set3_Celestial_2': 23, 'Chrono_1': 107, 'Mercenary_1': 111, 'Set3_Blademaster_1': 67, 'Set3_Celestial_1': 93, 'Valkyrie_1': 61, 'Blaster_1': 30, 'Cybernetic_1': 3, 'Set3_Mystic_1': 38, 'Demolitionist_1': 41, 'Infiltrator_1': 2, 'Protector_2': 1, 'Set3_Sorcerer_3': 3, 'StarGuardian_1': 4, 'SpacePirate_2': 27, 'Blaster_2': 4, 'Vanguard_2': 5, 'Set3_Brawler_2': 1, 'DarkStar_1': 8, 'Rebel_1': 4, 'Starship_1': 4, 'Rebel_2': 1, 'Chrono_2': 2, 'Set3_Blademaster_2': 1, 'Set3_Sorcerer_2': 1, 'Set3_Sorcerer_1': 2, 'Set3_Brawler_1': 3, 'DarkStar_2': 1}","{69: 1, 47: 11, 36: 22, 99: 11, 27: 5, 55: 9, 15: 14, 66: 6, 67: 8, 44: 2, 77: 3, 2: 1, 38: 11, 45: 8, 17: 2, 33: 1, 59: 5, 14: 1, 79: 2, 78: 3, 6: 2, 5: 4, 3: 2, 49: 2, 7: 2, 57: 2, 68: 3, 25: 2, 39: 3, 1: 2, 16: 1, 35: 4, 23: 1, 58: 1, 37: 1, 13: 1, 24: 1}","{4: 20, 8: 21, 3: 16, 7: 28, 1: 14, 2: 12, 5: 23, 6: 21}",4.974193548387097,1.9741935483870967,1.032258064516129,2.2199942709825264
12,TFT3_Kassadin,350,"{3: 2, 2: 281, 1: 67}","{'ManaReaver_1': 307, 'Protector_1': 68, 'Set3_Celestial_3': 2, 'Sniper_1': 99, 'SpacePirate_1': 38, 'Vanguard_1': 115, 'Chrono_1': 255, 'Mercenary_1': 204, 'Set3_Blademaster_1': 254, 'Set3_Celestial_1': 228, 'Set3_Mystic_1': 112, 'Valkyrie_1': 161, 'Set3_Celestial_2': 95, 'Blaster_1': 69, 'Chrono_2': 19, 'Infiltrator_1': 12, 'Set3_Blademaster_2': 7, 'Cybernetic_1': 25, 'Cybernetic_2': 19, 'Demolitionist_1': 41, 'Protector_2': 2, 'SpacePirate_2': 13, 'Set3_Brawler_1': 15, 'Vanguard_2': 3, 'DarkStar_2': 6, 'Set3_Sorcerer_1': 7, 'Rebel_1': 6, 'Starship_1': 2, 'DarkStar_1': 7, 'Set3_Brawler_2': 3, 'Blaster_2': 2, 'Set3_Mystic_2': 1}","{47: 27, 27: 3, 59: 5, 13: 1, 2: 3, 79: 3, 5: 3, 58: 1, 67: 8, 15: 6, 44: 2, 77: 1, 34: 4, 7: 5, 99: 7, 37: 9, 26: 2, 1: 1, 6: 4, 66: 2, 39: 8, 45: 4, 78: 1, 35: 5, 3: 4, 46: 5, 48: 2, 18: 2, 36: 3, 14: 2, 88: 4, 55: 1, 24: 2, 33: 1, 89: 2, 38: 1, 4: 3, 56: 1, 28: 1}","{4: 59, 1: 33, 8: 33, 2: 44, 3: 50, 7: 48, 6: 43, 5: 40}",4.4714285714285715,1.8142857142857143,0.4257142857142857,5.012890289315383
13,TFT3_Ashe,191,"{2: 153, 1: 35, 3: 3}","{'ManaReaver_1': 106, 'Protector_1': 69, 'Set3_Celestial_3': 2, 'Sniper_1': 155, 'SpacePirate_1': 37, 'Vanguard_1': 63, 'Set3_Celestial_2': 83, 'Chrono_1': 121, 'Set3_Blademaster_1': 92, 'Set3_Celestial_1': 102, 'Valkyrie_1': 21, 'DarkStar_2': 25, 'Set3_Mystic_1': 58, 'Set3_Sorcerer_1': 28, 'Blaster_1': 6, 'Demolitionist_1': 32, 'Mercenary_1': 60, 'Infiltrator_1': 8, 'Protector_2': 3, 'DarkStar_1': 16, 'SpacePirate_2': 11, 'Vanguard_2': 4, 'Set3_Brawler_1': 4, 'Chrono_2': 2, 'Rebel_1': 1, 'Cybernetic_1': 1, 'Cybernetic_2': 1, 'Set3_Mystic_2': 2}","{23: 10, 34: 2, 13: 1, 14: 4, 2: 4, 7: 1, 67: 7, 5: 1, 11: 4, 1: 1, 56: 1, 26: 5, 57: 7, 88: 1, 28: 1, 8: 1, 17: 3, 29: 3, 24: 4, 12: 1, 59: 2, 69: 2, 3: 1, 18: 1, 89: 4, 79: 1, 38: 1, 47: 1, 16: 1}","{4: 34, 8: 25, 2: 30, 3: 27, 1: 18, 5: 22, 7: 21, 6: 14}",4.37696335078534,1.8324607329842932,0.39790575916230364,2.7356058435978228
14,TFT3_WuKong,286,"{2: 245, 1: 40, 3: 1}","{'ManaReaver_1': 213, 'Protector_1': 11, 'Set3_Celestial_3': 1, 'Sniper_1': 63, 'SpacePirate_1': 39, 'Vanguard_1': 166, 'Chrono_1': 221, 'Mercenary_1': 209, 'Set3_Blademaster_1': 172, 'Set3_Celestial_1': 191, 'Set3_Mystic_1': 93, 'Valkyrie_1': 148, 'Set3_Celestial_2': 21, 'Set3_Sorcerer_3': 10, 'StarGuardian_1': 10, 'Blaster_1': 76, 'Chrono_2': 24, 'Infiltrator_2': 1, 'Set3_Sorcerer_2': 2, 'DarkStar_2': 4, 'Set3_Sorcerer_1': 8, 'Cybernetic_1': 24, 'Infiltrator_1': 6, 'Rebel_2': 1, 'Set3_Brawler_1': 11, 'Starship_1': 8, 'Demolitionist_1': 54, 'Rebel_1': 10, 'DarkStar_1': 15, 'Cybernetic_2': 10, 'Vanguard_2': 5, 'StarGuardian_2': 1, 'Set3_Mystic_2': 1, 'Set3_Brawler_2': 5, 'SpacePirate_2': 18, 'Blaster_2': 3, 'Set3_Blademaster_2': 2, 'Set3_Void_1': 1}","{68: 14, 15: 14, 47: 38, 67: 11, 99: 8, 45: 49, 36: 49, 89: 1, 38: 3, 37: 10, 55: 20, 7: 6, 16: 1, 57: 2, 5: 6, 25: 4, 59: 9, 9: 4, 79: 7, 66: 14, 6: 8, 27: 8, 39: 3, 4: 3, 48: 2, 35: 11, 28: 3, 3: 1, 77: 4, 17: 2, 44: 1, 1: 1, 18: 1, 78: 1, 46: 2, 13: 1, 56: 1, 58: 1, 11: 1, 69: 1, 33: 1, 88: 1}","{4: 43, 1: 29, 8: 31, 6: 41, 2: 30, 3: 38, 5: 34, 7: 40}",4.611888111888112,1.8636363636363635,1.1468531468531469,4.096247493554856
15,TFT3_Jhin,112,"{1: 13, 2: 88, 3: 11}","{'ManaReaver_1': 54, 'Protector_1': 9, 'Set3_Celestial_3': 1, 'Sniper_1': 109, 'SpacePirate_1': 30, 'Vanguard_1': 57, 'Set3_Celestial_2': 16, 'Chrono_1': 44, 'Set3_Blademaster_1': 16, 'Set3_Celestial_1': 91, 'Valkyrie_1': 11, 'DarkStar_2': 32, 'Set3_Mystic_1': 49, 'Set3_Sorcerer_1': 35, 'Demolitionist_1': 30, 'Mercenary_1': 50, 'DarkStar_1': 17, 'SpacePirate_2': 10, 'Set3_Brawler_1': 3, 'Infiltrator_1': 4, 'Protector_2': 1, 'Vanguard_2': 3, 'Blaster_1': 2, 'Cybernetic_1': 1, 'Chrono_2': 1, 'Set3_Mystic_2': 2}","{68: 1, 59: 1, 15: 33, 2: 2, 79: 19, 29: 30, 26: 45, 11: 28, 9: 2, 16: 5, 69: 5, 57: 6, 19: 15, 12: 4, 56: 2, 77: 1, 49: 1, 1: 3, 22: 2, 23: 2, 55: 2, 17: 2, 25: 1}","{4: 16, 8: 15, 2: 18, 3: 14, 5: 14, 7: 13, 1: 11, 6: 11}",4.464285714285714,1.9821428571428572,1.8928571428571428,1.6041248925809226
16,TFT3_Shen,300,"{2: 214, 1: 63, 3: 23}","{'Chrono_1': 262, 'ManaReaver_1': 225, 'Mercenary_1': 153, 'Set3_Blademaster_1': 275, 'Set3_Celestial_1': 171, 'Set3_Mystic_1': 99, 'Valkyrie_1': 150, 'Blaster_1': 57, 'Chrono_2': 24, 'Vanguard_1': 74, 'Infiltrator_2': 1, 'Cybernetic_2': 10, 'Infiltrator_1': 11, 'Set3_Blademaster_2': 9, 'Sniper_1': 75, 'Protector_1': 79, 'Set3_Celestial_2': 84, 'Cybernetic_1': 18, 'Demolitionist_1': 20, 'Rebel_2': 2, 'Set3_Brawler_1': 11, 'Set3_Mystic_2': 1, 'DarkStar_1': 4, 'SpacePirate_1': 7, 'Rebel_1': 1, 'Set3_Brawler_2': 1, 'Starship_1': 1, 'Protector_2': 1, 'Vanguard_2': 1}","{67: 18, 57: 1, 27: 10, 47: 23, 9: 1, 19: 4, 6: 1, 44: 1, 45: 14, 35: 5, 68: 11, 16: 2, 88: 1, 77: 7, 55: 8, 5: 2, 59: 5, 15: 2, 78: 1, 17: 2, 13: 1, 1: 2, 66: 6, 36: 3, 49: 1, 48: 1, 7: 3, 11: 1, 79: 2, 99: 2, 14: 1, 56: 1}","{1: 35, 2: 41, 3: 38, 5: 30, 4: 47, 8: 34, 7: 41, 6: 34}",4.44,1.8666666666666667,0.4766666666666667,4.296763105127471
17,TFT3_Karma,110,"{2: 79, 1: 31}","{'Chrono_1': 58, 'ManaReaver_1': 43, 'Mercenary_1': 46, 'Set3_Blademaster_1': 42, 'Set3_Celestial_1': 77, 'Set3_Mystic_1': 86, 'Valkyrie_1': 33, 'Protector_1': 12, 'Set3_Celestial_2': 14, 'DarkStar_2': 28, 'Set3_Sorcerer_1': 34, 'Sniper_1': 56, 'Vanguard_1': 29, 'DarkStar_1': 18, 'Blaster_1': 15, 'Rebel_1': 3, 'Set3_Brawler_2': 5, 'Starship_1': 4, 'Infiltrator_1': 6, 'Set3_Void_1': 2, 'SpacePirate_1': 8, 'Set3_Mystic_2': 3, 'Cybernetic_1': 1, 'Demolitionist_1': 15, 'Infiltrator_2': 3, 'MechPilot_1': 3, 'Rebel_2': 3, 'Set3_Brawler_1': 5, 'Set3_Sorcerer_2': 1, 'StarGuardian_2': 1, 'Protector_2': 1, 'Vanguard_2': 2, 'Chrono_2': 2}","{88: 2, 17: 12, 4: 3, 34: 1, 33: 4, 44: 4, 47: 1, 58: 1, 68: 1, 46: 2, 35: 1, 45: 1, 67: 1, 59: 1, 14: 1}","{1: 19, 2: 15, 7: 7, 8: 10, 4: 19, 3: 15, 6: 13, 5: 12}",3.9727272727272727,1.7181818181818183,0.32727272727272727,1.5754798052134058
18,TFT3_Irelia,286,"{2: 235, 1: 49, 3: 2}","{'Chrono_1': 218, 'ManaReaver_1': 264, 'Mercenary_1': 173, 'Set3_Blademaster_1': 252, 'Set3_Celestial_1': 179, 'Set3_Mystic_1': 88, 'Valkyrie_1': 169, 'Blaster_1': 87, 'Cybernetic_2': 46, 'Infiltrator_1': 21, 'Infiltrator_2': 1, 'Set3_Blademaster_2': 10, 'Sniper_1': 34, 'Vanguard_1': 86, 'Protector_1': 24, 'Set3_Celestial_2': 33, 'Cybernetic_1': 40, 'Set3_Brawler_1': 21, 'Chrono_2': 15, 'Set3_Brawler_2': 4, 'Set3_Mystic_2': 1, 'Demolitionist_1': 16, 'SpacePirate_1': 4, 'DarkStar_2': 1, 'Set3_Sorcerer_1': 1, 'Blaster_2': 2, 'Rebel_1': 2, 'DarkStar_1': 3}","{28: 13, 19: 93, 79: 10, 55: 6, 29: 59, 17: 8, 44: 20, 15: 25, 45: 7, 49: 7, 1: 3, 47: 3, 11: 27, 4: 2, 16: 20, 27: 1, 68: 3, 56: 5, 22: 6, 99: 19, 12: 5, 88: 6, 5: 2, 33: 9, 66: 4, 35: 5, 36: 8, 26: 3, 6: 2, 89: 1, 25: 7, 67: 7, 2: 5, 57: 1, 13: 7, 23: 1, 24: 1, 39: 1, 34: 1, 7: 1, 9: 2, 69: 2, 46: 2, 77: 1, 78: 1}","{1: 29, 4: 50, 5: 33, 3: 39, 7: 39, 8: 29, 2: 33, 6: 34}",4.496503496503497,1.8356643356643356,1.4755244755244756,4.096247493554856
19,TFT3_Kayle,296,"{3: 4, 2: 247, 1: 45}","{'Chrono_1': 197, 'ManaReaver_1': 218, 'Mercenary_1': 216, 'Set3_Blademaster_1': 239, 'Set3_Celestial_1': 182, 'Set3_Mystic_1': 83, 'Valkyrie_1': 237, 'Infiltrator_2': 16, 'MechPilot_1': 19, 'Blaster_1': 99, 'Chrono_2': 22, 'Vanguard_1': 88, 'Infiltrator_1': 10, 'Set3_Blademaster_2': 10, 'Sniper_1': 18, 'Rebel_1': 5, 'Set3_Brawler_2': 8, 'Cybernetic_1': 30, 'Blaster_2': 4, 'Demolitionist_1': 46, 'Set3_Brawler_1': 21, 'Set3_Sorcerer_1': 9, 'Rebel_2': 16, 'Starship_1': 9, 'Cybernetic_2': 21, 'SpacePirate_1': 7, 'Set3_Mystic_2': 1, 'SpacePirate_2': 3, 'Set3_Celestial_2': 12, 'DarkStar_1': 1, 'Protector_1': 6, 'Infiltrator_3': 4}","{23: 184, 69: 57, 39: 3, 47: 1, 22: 82, 12: 5, 15: 93, 28: 13, 13: 12, 56: 4, 59: 1, 24: 12, 99: 4, 37: 36, 49: 26, 29: 5, 17: 6, 33: 15, 79: 26, 19: 4, 26: 5, 57: 2, 38: 6, 58: 3, 34: 4, 66: 3, 16: 2, 2: 4, 68: 1, 25: 1, 11: 1, 36: 1, 35: 1, 4: 1, 48: 1, 3: 1, 9: 3, 45: 1}","{1: 34, 6: 39, 2: 31, 3: 36, 5: 32, 4: 46, 7: 44, 8: 34}",4.601351351351352,1.8614864864864864,2.1283783783783785,4.239472930392438
20,TFT3_MissFortune,325,"{2: 114, 1: 211}","{'Chrono_1': 199, 'ManaReaver_1': 174, 'Mercenary_1': 325, 'Set3_Blademaster_1': 183, 'Set3_Celestial_1': 157, 'Set3_Mystic_1': 114, 'Valkyrie_1': 208, 'Blaster_1': 173, 'Demolitionist_1': 99, 'Rebel_2': 62, 'Starship_1': 45, 'Blaster_2': 34, 'Rebel_1': 41, 'Set3_Brawler_2': 43, 'Chrono_2': 18, 'Vanguard_1': 76, 'Set3_Brawler_1': 28, 'Cybernetic_1': 27, 'Set3_Sorcerer_3': 1, 'StarGuardian_1': 1, 'Set3_Blademaster_2': 3, 'SpacePirate_2': 9, 'SpacePirate_1': 10, 'Cybernetic_2': 13, 'Protector_1': 2, 'Infiltrator_1': 4, 'Sniper_1': 10, 'Infiltrator_2': 2, 'MechPilot_1': 2, 'Set3_Sorcerer_1': 2, 'Set3_Celestial_2': 3, 'DarkStar_1': 1}","{79: 23, 44: 54, 34: 25, 57: 20, 39: 19, 38: 25, 69: 45, 7: 2, 4: 13, 26: 7, 58: 8, 11: 6, 24: 17, 29: 9, 56: 7, 23: 13, 49: 20, 13: 14, 33: 27, 3: 10, 99: 15, 25: 1, 1: 2, 17: 9, 37: 10, 18: 9, 16: 5, 12: 5, 19: 7, 15: 8, 6: 1, 77: 2, 47: 5, 2: 4, 9: 1, 14: 24, 35: 3, 8: 1, 67: 6, 27: 1, 22: 3, 46: 4, 68: 1, 28: 1, 5: 2, 48: 1, 59: 1}","{1: 41, 5: 38, 2: 35, 8: 38, 3: 41, 7: 38, 6: 48, 4: 46}",4.510769230769231,1.3507692307692307,1.5261538461538462,4.654826697221426
21,TFT3_Lulu,263,"{1: 150, 2: 113}","{'Chrono_1': 174, 'ManaReaver_1': 157, 'Mercenary_1': 167, 'Set3_Blademaster_1': 144, 'Set3_Celestial_1': 162, 'Set3_Mystic_1': 190, 'Valkyrie_1': 109, 'Blaster_1': 75, 'Demolitionist_1': 55, 'Rebel_2': 33, 'Starship_1': 19, 'Infiltrator_2': 1, 'Rebel_1': 12, 'Set3_Brawler_2': 13, 'Protector_1': 28, 'Set3_Celestial_2': 48, 'DarkStar_2': 20, 'Set3_Sorcerer_1': 27, 'Sniper_1': 65, 'Vanguard_1': 59, 'Cybernetic_1': 11, 'Cybernetic_2': 3, 'Chrono_2': 8, 'DarkStar_1': 13, 'Set3_Sorcerer_3': 2, 'SpacePirate_1': 13, 'StarGuardian_1': 2, 'Set3_Brawler_1': 14, 'Set3_Blademaster_2': 2, 'Set3_Mystic_2': 3, 'Infiltrator_1': 9, 'Blaster_2': 2, 'Set3_Void_1': 5, 'SpacePirate_2': 4, 'Vanguard_2': 1}","{14: 24, 15: 8, 46: 7, 45: 10, 66: 2, 24: 8, 47: 12, 44: 8, 36: 1, 79: 6, 23: 1, 18: 4, 67: 20, 69: 5, 7: 2, 22: 2, 55: 2, 2: 1, 25: 3, 17: 5, 4: 5, 35: 5, 48: 1, 56: 4, 1: 1, 6: 1, 59: 4, 38: 1, 77: 1, 9: 1, 49: 1, 12: 1, 19: 1, 5: 2, 16: 1, 57: 1}","{1: 58, 5: 28, 2: 42, 7: 20, 8: 18, 6: 26, 4: 39, 3: 32}",3.703422053231939,1.429657794676806,0.6159695817490495,3.7668289888284163
22,TFT3_Ziggs,121,"{2: 36, 1: 28, 3: 57}","{'Blaster_1': 94, 'Demolitionist_1': 113, 'Mercenary_1': 106, 'Rebel_2': 97, 'Set3_Mystic_1': 45, 'Starship_1': 47, 'Set3_Celestial_1': 5, 'Chrono_1': 19, 'Set3_Brawler_1': 9, 'Set3_Blademaster_1': 22, 'ManaReaver_1': 6, 'Valkyrie_1': 17, 'SpacePirate_1': 8, 'Infiltrator_2': 2, 'MechPilot_1': 2, 'Set3_Sorcerer_1': 2, 'Rebel_1': 14, 'Set3_Celestial_2': 1, 'Vanguard_1': 8, 'SpacePirate_2': 5, 'Set3_Brawler_2': 6, 'Sniper_1': 2, 'Infiltrator_1': 1, 'Set3_Void_1': 1, 'Blaster_2': 2, 'Set3_Mystic_2': 1}","{67: 5, 44: 107, 33: 19, 34: 7, 4: 6, 39: 6, 23: 2, 88: 2, 49: 3, 3: 2, 35: 2, 14: 2, 69: 2, 36: 2, 45: 1, 22: 4, 46: 3}","{5: 20, 2: 21, 1: 17, 6: 12, 8: 20, 7: 8, 3: 12, 4: 11}",4.355371900826446,2.239669421487603,1.4462809917355373,1.7330277857347465
23,TFT3_Yasuo,96,"{2: 79, 1: 13, 3: 4}","{'Blaster_1': 74, 'Demolitionist_1': 83, 'Mercenary_1': 82, 'Rebel_2': 88, 'Set3_Mystic_1': 37, 'Starship_1': 34, 'Set3_Celestial_1': 7, 'Chrono_1': 7, 'Infiltrator_1': 1, 'ManaReaver_1': 6, 'Set3_Blademaster_2': 6, 'Valkyrie_1': 17, 'Set3_Brawler_1': 4, 'Set3_Blademaster_1': 19, 'SpacePirate_1': 3, 'Rebel_1': 2, 'Set3_Brawler_2': 1}","{57: 2, 15: 1, 29: 1, 79: 1, 24: 1, 47: 2, 45: 4, 12: 1, 16: 3, 13: 1, 17: 1, 59: 1, 99: 3, 67: 4, 49: 1, 14: 1, 11: 2, 23: 1, 89: 1}","{5: 17, 2: 15, 1: 14, 3: 8, 6: 10, 8: 12, 7: 10, 4: 10}",4.364583333333333,1.90625,0.3333333333333333,1.3749641936407906
24,TFT3_Sona,124,"{2: 94, 3: 3, 1: 27}","{'Blaster_1': 96, 'Demolitionist_1': 91, 'Mercenary_1': 98, 'Rebel_2': 89, 'Set3_Mystic_1': 64, 'Starship_1': 40, 'Set3_Celestial_1': 10, 'Chrono_1': 29, 'Rebel_1': 27, 'Set3_Brawler_2': 21, 'Valkyrie_1': 13, 'Set3_Brawler_1': 7, 'Cybernetic_2': 1, 'ManaReaver_1': 6, 'Set3_Blademaster_1': 19, 'SpacePirate_1': 7, 'Set3_Mystic_2': 3, 'Set3_Celestial_2': 2, 'Blaster_2': 5, 'DarkStar_1': 1, 'Protector_2': 1, 'Sniper_1': 4, 'Protector_1': 3, 'Set3_Celestial_3': 1, 'Vanguard_1': 1}","{46: 2, 67: 2, 59: 1, 48: 1, 17: 1, 6: 1, 68: 1}","{5: 20, 2: 20, 1: 20, 6: 16, 8: 13, 7: 10, 3: 12, 4: 13}",4.17741935483871,1.8064516129032258,0.07258064516129033,1.7759954167860212
25,TFT3_MasterYi,93,"{2: 81, 1: 12}","{'Blaster_1': 66, 'Demolitionist_1': 76, 'Mercenary_1': 76, 'Rebel_2': 81, 'Chrono_1': 10, 'Infiltrator_1': 1, 'ManaReaver_1': 8, 'Set3_Blademaster_2': 8, 'Set3_Celestial_1': 9, 'Valkyrie_1': 20, 'Protector_1': 1, 'Set3_Blademaster_1': 23, 'Set3_Brawler_1': 5, 'Starship_1': 27, 'Set3_Mystic_1': 35, 'SpacePirate_1': 6, 'Chrono_2': 1, 'Vanguard_1': 1, 'Set3_Celestial_2': 1, 'Sniper_1': 1}","{47: 2, 99: 2, 28: 1, 7: 1, 67: 1, 6: 2, 17: 2, 15: 1, 35: 1, 27: 3, 2: 2, 11: 1, 29: 1, 56: 1}","{5: 14, 3: 6, 8: 12, 6: 10, 1: 14, 2: 14, 4: 12, 7: 11}",4.419354838709677,1.8709677419354838,0.22580645161290322,1.3319965625895158
26,TFT3_Jinx,222,"{2: 183, 1: 31, 3: 8}","{'Blaster_1': 165, 'Demolitionist_1': 119, 'Mercenary_1': 182, 'Rebel_2': 98, 'Set3_Mystic_1': 77, 'Starship_1': 64, 'Set3_Celestial_1': 29, 'Blaster_2': 41, 'Chrono_1': 109, 'Rebel_1': 62, 'Set3_Brawler_2': 67, 'Valkyrie_1': 46, 'ManaReaver_1': 37, 'Set3_Blademaster_1': 43, 'Set3_Brawler_1': 25, 'SpacePirate_1': 12, 'Cybernetic_1': 9, 'Vanguard_1': 18, 'SpacePirate_2': 9, 'Set3_Celestial_2': 1, 'Chrono_2': 1}","{69: 33, 12: 82, 11: 45, 24: 3, 23: 9, 57: 102, 22: 30, 79: 33, 29: 47, 19: 39, 15: 34, 66: 3, 26: 57, 16: 6, 13: 2, 1: 2, 2: 5, 17: 4, 18: 1, 49: 3, 56: 4, 99: 3, 7: 1}","{5: 37, 2: 24, 1: 31, 8: 34, 7: 25, 6: 26, 4: 27, 3: 18}",4.635135135135135,1.8963963963963963,2.4684684684684686,3.1796046977943284
27,TFT3_TwistedFate,115,"{1: 9, 2: 50, 3: 56}","{'Chrono_1': 106, 'Mercenary_1': 17, 'Set3_Sorcerer_3': 16, 'StarGuardian_1': 15, 'Infiltrator_1': 79, 'Set3_Brawler_1': 16, 'Set3_Sorcerer_1': 93, 'Set3_Brawler_2': 75, 'Set3_Void_1': 88, 'Set3_Sorcerer_2': 2, 'Vanguard_1': 12, 'Infiltrator_2': 9, 'SpacePirate_1': 3, 'Demolitionist_1': 13, 'StarGuardian_2': 1, 'Set3_Mystic_1': 4, 'MechPilot_1': 3, 'Protector_1': 2, 'Set3_Celestial_2': 1, 'Sniper_1': 2, 'DarkStar_1': 2, 'Vanguard_2': 1, 'ManaReaver_1': 2, 'Chrono_2': 1, 'Set3_Blademaster_1': 1, 'Set3_Celestial_1': 2, 'Valkyrie_1': 1, 'Set3_Sorcerer_4': 1, 'Set3_Mystic_2': 1}","{39: 1, 3: 4, 14: 6, 37: 6, 44: 4, 46: 1, 17: 5, 48: 3, 79: 2, 78: 1, 59: 2, 28: 4, 33: 2, 69: 4, 22: 2, 12: 1, 2: 1, 18: 1, 24: 2, 35: 6, 19: 1, 27: 1, 56: 1, 77: 1, 23: 2, 4: 1, 99: 7, 34: 1, 38: 1, 26: 1, 8: 1, 11: 1, 67: 2}","{6: 16, 7: 13, 5: 15, 3: 20, 2: 14, 4: 7, 1: 21, 8: 9}",4.095652173913043,2.408695652173913,0.6869565217391305,1.647092523632197
28,TFT3_Zoe,25,"{2: 9, 3: 10, 1: 6}","{'Chrono_1': 13, 'Mercenary_1': 8, 'Set3_Sorcerer_3': 15, 'StarGuardian_1': 14, 'Set3_Sorcerer_2': 2, 'Vanguard_1': 12, 'Demolitionist_1': 6, 'Infiltrator_2': 5, 'MechPilot_1': 5, 'Set3_Sorcerer_1': 7, 'SpacePirate_1': 3, 'StarGuardian_2': 2, 'Set3_Mystic_1': 3, 'Protector_1': 1, 'Set3_Celestial_2': 1, 'Sniper_1': 2, 'ManaReaver_1': 1, 'DarkStar_1': 1, 'Valkyrie_1': 1, 'Set3_Sorcerer_4': 1, 'DarkStar_2': 1, 'Set3_Celestial_1': 1}","{99: 2, 88: 1, 1: 1, 57: 1, 59: 1, 24: 1}","{6: 4, 7: 6, 3: 7, 1: 2, 8: 1, 5: 3, 4: 2}",4.8,2.16,0.28,0.3580635920939559
29,TFT3_Ahri,18,"{1: 3, 2: 12, 3: 3}","{'Chrono_1': 11, 'Mercenary_1': 8, 'Set3_Sorcerer_3': 15, 'StarGuardian_1': 14, 'Vanguard_1': 10, 'SpacePirate_1': 3, 'StarGuardian_2': 2, 'Demolitionist_1': 4, 'MechPilot_1': 1, 'Set3_Mystic_1': 1, 'Set3_Sorcerer_2': 2, 'DarkStar_1': 2, 'Vanguard_2': 1, 'ManaReaver_1': 1, 'Set3_Sorcerer_4': 1}","{59: 2, 2: 1, 19: 1, 44: 1, 4: 1, 33: 1, 14: 1, 17: 1, 39: 1, 89: 1}","{6: 6, 3: 5, 1: 1, 8: 1, 5: 3, 4: 1, 7: 1}",4.777777777777778,2.0,0.6111111111111112,0.2578057863076483
30,TFT3_Syndra,13,"{2: 11, 3: 1, 1: 1}","{'Chrono_1': 8, 'Mercenary_1': 6, 'Set3_Sorcerer_3': 11, 'StarGuardian_1': 11, 'Vanguard_1': 8, 'SpacePirate_1': 2, 'StarGuardian_2': 2, 'Set3_Mystic_1': 1, 'Set3_Sorcerer_2': 1, 'Demolitionist_1': 2, 'ManaReaver_1': 1, 'Set3_Sorcerer_4': 1}","{22: 1, 59: 1, 39: 1, 44: 2}","{6: 3, 3: 3, 1: 1, 8: 1, 5: 3, 4: 1, 7: 1}",4.769230769230769,2.0,0.38461538461538464,0.18619306788885706
31,TFT3_Lux,87,"{2: 68, 1: 18, 3: 1}","{'Chrono_1': 16, 'Mercenary_1': 15, 'Set3_Sorcerer_3': 14, 'StarGuardian_1': 13, 'Infiltrator_2': 36, 'MechPilot_1': 37, 'Set3_Sorcerer_1': 66, 'Set3_Sorcerer_2': 3, 'Vanguard_1': 21, 'DarkStar_2': 27, 'Set3_Celestial_1': 30, 'Set3_Mystic_1': 27, 'Sniper_1': 30, 'Demolitionist_1': 28, 'Valkyrie_1': 10, 'DarkStar_1': 10, 'SpacePirate_1': 3, 'StarGuardian_2': 2, 'Infiltrator_1': 3, 'Protector_1': 1, 'Set3_Celestial_2': 1, 'Set3_Brawler_1': 1, 'Set3_Brawler_2': 1, 'Set3_Void_1': 1, 'ManaReaver_1': 3, 'Vanguard_2': 1, 'Set3_Sorcerer_4': 1}","{3: 2, 28: 1, 58: 1, 47: 2, 68: 1, 33: 2, 34: 1, 7: 2, 22: 1, 59: 2, 4: 1, 67: 3, 46: 1, 38: 1, 27: 2, 6: 1, 39: 2, 69: 1, 17: 1}","{6: 11, 7: 8, 2: 13, 8: 11, 3: 17, 1: 9, 5: 10, 4: 8}",4.344827586206897,1.8045977011494252,0.3218390804597701,1.2460613004869665
32,TFT3_Soraka,109,"{2: 83, 1: 26}","{'Blaster_1': 30, 'Demolitionist_1': 16, 'Mercenary_1': 69, 'Rebel_2': 7, 'Set3_Mystic_1': 102, 'Starship_1': 6, 'Chrono_1': 84, 'Rebel_1': 7, 'Set3_Brawler_1': 9, 'ManaReaver_1': 75, 'Set3_Blademaster_1': 72, 'Valkyrie_1': 48, 'Vanguard_1': 24, 'Protector_1': 15, 'Set3_Celestial_2': 22, 'Set3_Celestial_1': 59, 'Sniper_1': 13, 'SpacePirate_1': 7, 'Set3_Brawler_2': 8, 'Set3_Mystic_2': 3, 'Infiltrator_1': 3, 'Set3_Sorcerer_1': 6, 'Set3_Void_1': 3, 'DarkStar_1': 1, 'Infiltrator_2': 1, 'MechPilot_1': 1, 'Set3_Sorcerer_2': 1, 'StarGuardian_2': 1, 'Set3_Blademaster_2': 1, 'Cybernetic_1': 3, 'DarkStar_2': 1, 'SpacePirate_2': 2, 'Chrono_2': 1, 'Set3_Celestial_3': 1}","{14: 1, 33: 3, 17: 1, 79: 1, 22: 1, 24: 1, 47: 2, 69: 1, 29: 1, 1: 1, 99: 2, 78: 2, 68: 1, 59: 1}","{2: 18, 6: 12, 4: 20, 1: 21, 5: 16, 7: 5, 3: 14, 8: 3}",3.5779816513761467,1.761467889908257,0.1743119266055046,1.5611572615296476
33,TFT3_AurelionSol,69,"{2: 30, 1: 39}","{'Blaster_1': 56, 'Demolitionist_1': 52, 'Mercenary_1': 62, 'Rebel_2': 45, 'Set3_Mystic_1': 27, 'Starship_1': 69, 'Set3_Celestial_1': 2, 'Chrono_1': 23, 'Rebel_1': 22, 'Set3_Brawler_1': 9, 'SpacePirate_1': 6, 'Set3_Blademaster_1': 6, 'Valkyrie_1': 9, 'Set3_Brawler_2': 14, 'ManaReaver_1': 3, 'Blaster_2': 8, 'Infiltrator_1': 1, 'MechPilot_1': 1, 'Set3_Sorcerer_1': 1, 'Set3_Void_1': 1, 'SpacePirate_2': 3, 'Vanguard_1': 3}","{15: 2, 66: 2, 46: 1, 38: 14, 59: 1, 35: 2, 99: 1, 88: 1, 44: 3, 37: 5, 55: 1, 13: 1, 77: 3, 36: 3, 45: 2, 16: 1, 27: 1, 39: 3, 9: 1, 47: 1, 34: 1, 33: 2, 4: 1, 67: 1}","{2: 12, 1: 10, 6: 8, 8: 8, 5: 16, 4: 4, 7: 5, 3: 6}",4.27536231884058,1.434782608695652,0.782608695652174,0.9882555141793182
34,TFT3_KaiSa,81,"{1: 13, 2: 29, 3: 39}","{'Chrono_1': 23, 'Infiltrator_1': 11, 'Set3_Brawler_1': 6, 'Set3_Sorcerer_1': 52, 'Infiltrator_2': 54, 'MechPilot_1': 56, 'Valkyrie_1': 36, 'Set3_Blademaster_1': 12, 'ManaReaver_1': 11, 'Set3_Blademaster_2': 1, 'Set3_Celestial_1': 7, 'Sniper_1': 2, 'Vanguard_1': 6, 'Demolitionist_1': 35, 'Set3_Brawler_2': 6, 'Set3_Void_1': 8, 'Set3_Mystic_1': 4, 'Set3_Celestial_2': 2, 'DarkStar_1': 3, 'Mercenary_1': 9, 'Blaster_1': 1, 'Rebel_2': 1, 'Starship_1': 1, 'Infiltrator_3': 4}","{44: 26, 33: 6, 69: 6, 67: 1, 37: 42, 14: 20, 36: 9, 68: 1, 38: 25, 34: 7, 45: 4, 7: 1, 13: 2, 15: 4, 57: 2, 26: 1, 25: 1, 4: 3, 23: 1, 12: 1, 11: 1, 39: 2, 3: 4, 79: 1, 49: 1, 46: 1, 56: 1}","{7: 12, 6: 13, 5: 10, 3: 13, 4: 5, 8: 13, 1: 8, 2: 7}",4.901234567901234,2.3209876543209877,2.1481481481481484,1.160126038384417
35,TFT3_Graves,77,"{2: 63, 3: 6, 1: 8}","{'Blaster_2': 35, 'Chrono_1': 45, 'Mercenary_1': 59, 'Rebel_1': 25, 'Set3_Brawler_2': 32, 'Valkyrie_1': 8, 'Blaster_1': 28, 'Cybernetic_2': 5, 'ManaReaver_1': 28, 'Demolitionist_1': 27, 'Rebel_2': 6, 'SpacePirate_1': 12, 'Starship_1': 16, 'Set3_Blademaster_1': 7, 'Set3_Celestial_1': 13, 'Set3_Mystic_1': 3, 'Protector_1': 2, 'Set3_Celestial_2': 4, 'Sniper_1': 13, 'SpacePirate_2': 25, 'Vanguard_2': 1, 'Infiltrator_1': 2, 'Vanguard_1': 20, 'Set3_Brawler_1': 4, 'Cybernetic_1': 2}","{67: 3, 6: 1, 27: 1, 38: 3, 68: 3, 37: 1, 69: 1, 5: 1, 14: 1, 15: 1, 44: 1, 88: 2, 47: 5, 4: 2, 24: 1, 36: 1, 45: 1, 99: 1, 9: 1}","{8: 13, 7: 18, 6: 11, 4: 8, 5: 10, 1: 10, 3: 7}",5.311688311688312,1.974025974025974,0.4025974025974026,1.102835863649384
36,TFT3_Ezreal,112,"{2: 93, 1: 19}","{'Blaster_2': 41, 'Chrono_1': 86, 'Mercenary_1': 74, 'Rebel_1': 40, 'Set3_Brawler_2': 52, 'Blaster_1': 66, 'Cybernetic_2': 3, 'Infiltrator_1': 2, 'ManaReaver_1': 28, 'Chrono_2': 15, 'Set3_Blademaster_1': 27, 'Set3_Celestial_1': 24, 'Valkyrie_1': 25, 'Set3_Mystic_1': 19, 'Set3_Brawler_1': 11, 'Starship_1': 17, 'Cybernetic_1': 11, 'Demolitionist_1': 26, 'Rebel_2': 12, 'Vanguard_1': 11, 'SpacePirate_2': 3, 'Set3_Celestial_2': 2, 'Set3_Void_1': 1, 'SpacePirate_1': 4, 'Protector_1': 1}","{88: 3, 57: 25, 18: 1, 37: 2, 56: 3, 2: 5, 17: 6, 38: 1, 11: 5, 22: 2, 99: 2, 24: 2, 46: 2, 12: 3, 28: 1, 9: 3, 26: 4, 19: 1, 14: 1, 5: 1, 58: 4, 49: 1, 16: 2, 67: 5, 29: 1, 3: 1, 1: 1}","{8: 16, 4: 20, 2: 8, 1: 11, 6: 14, 7: 21, 5: 16, 3: 6}",5.035714285714286,1.8303571428571428,0.7857142857142857,1.6041248925809226
37,TFT3_Annie,60,"{3: 41, 2: 19}","{'Infiltrator_2': 52, 'MechPilot_1': 59, 'Valkyrie_1': 21, 'Set3_Sorcerer_1': 44, 'Demolitionist_1': 37, 'DarkStar_1': 3, 'Mercenary_1': 10, 'Set3_Mystic_1': 1, 'Chrono_1': 1, 'Infiltrator_1': 2, 'Set3_Brawler_1': 2, 'Set3_Void_1': 2, 'Starship_1': 1, 'Infiltrator_3': 4, 'Set3_Sorcerer_3': 1, 'Set3_Sorcerer_4': 1, 'StarGuardian_1': 1}","{69: 3, 55: 2, 15: 1, 66: 1, 79: 1, 25: 1}","{6: 13, 8: 8, 3: 11, 7: 7, 5: 9, 2: 5, 1: 6, 4: 1}",4.816666666666666,2.683333333333333,0.15,0.859352621025494
38,TFT3_Shaco,79,"{2: 55, 3: 21, 1: 3}","{'Infiltrator_2': 54, 'MechPilot_1': 55, 'Valkyrie_1': 20, 'Set3_Sorcerer_1': 59, 'Demolitionist_1': 33, 'DarkStar_2': 16, 'Set3_Celestial_1': 20, 'Sniper_1': 18, 'Set3_Mystic_1': 16, 'DarkStar_1': 8, 'Infiltrator_1': 4, 'Chrono_1': 6, 'Set3_Brawler_1': 1, 'Set3_Void_1': 3, 'Vanguard_1': 4, 'Mercenary_1': 9, 'Infiltrator_3': 4, 'ManaReaver_1': 2, 'Set3_Brawler_2': 2}","{4: 1, 16: 9, 12: 5, 22: 10, 15: 9, 26: 2, 19: 12, 36: 4, 13: 5, 2: 2, 45: 12, 6: 2, 17: 5, 35: 2, 23: 5, 69: 2, 11: 7, 59: 2, 29: 5, 66: 2, 3: 1, 55: 1, 77: 1, 57: 1, 56: 4, 99: 1, 24: 2, 7: 1, 38: 1, 47: 1, 67: 1, 79: 1, 1: 1}","{6: 14, 8: 13, 3: 12, 7: 11, 5: 9, 2: 7, 1: 9, 4: 4}",4.8734177215189876,2.2278481012658227,1.518987341772152,1.1314809510169006
39,TFT3_Rumble,97,"{3: 25, 2: 49, 1: 23}","{'Infiltrator_2': 52, 'MechPilot_1': 59, 'Valkyrie_1': 28, 'Set3_Sorcerer_1': 45, 'Demolitionist_1': 74, 'Blaster_1': 13, 'Chrono_2': 2, 'Mercenary_1': 38, 'Rebel_2': 11, 'Set3_Blademaster_1': 6, 'Set3_Mystic_1': 7, 'Chrono_1': 17, 'Rebel_1': 1, 'Set3_Brawler_2': 2, 'ManaReaver_1': 13, 'Set3_Celestial_1': 13, 'Sniper_1': 13, 'SpacePirate_1': 10, 'Vanguard_1': 9, 'Infiltrator_1': 3, 'Set3_Brawler_1': 7, 'Set3_Void_1': 3, 'Blaster_2': 2, 'SpacePirate_2': 4, 'DarkStar_1': 5, 'Set3_Celestial_2': 2, 'Starship_1': 3, 'Infiltrator_3': 4, 'Set3_Sorcerer_3': 2}","{55: 34, 25: 8, 69: 36, 17: 2, 59: 8, 58: 1, 36: 7, 39: 1, 79: 15, 77: 3, 67: 3, 45: 4, 15: 10, 66: 7, 47: 4, 68: 1, 57: 1, 9: 2, 37: 2, 27: 3, 29: 2, 19: 1, 6: 1}","{6: 17, 8: 12, 7: 16, 1: 10, 5: 14, 3: 15, 2: 10, 4: 3}",4.814432989690721,2.020618556701031,1.6082474226804124,1.3892867373245488
40,TFT3_Fiora,127,"{1: 13, 2: 56, 3: 58}","{'Blaster_1': 31, 'Chrono_1': 87, 'Cybernetic_2': 44, 'Infiltrator_1': 14, 'ManaReaver_1': 82, 'Set3_Blademaster_1': 114, 'Cybernetic_1': 15, 'Protector_1': 55, 'Set3_Celestial_2': 50, 'Sniper_1': 38, 'Set3_Celestial_1': 39, 'Set3_Mystic_1': 20, 'Mercenary_1': 25, 'Set3_Brawler_1': 2, 'Vanguard_1': 14, 'Demolitionist_1': 2, 'Set3_Brawler_2': 1, 'Valkyrie_1': 19, 'Set3_Blademaster_2': 5, 'Chrono_2': 1, 'Protector_2': 1}","{6: 3, 7: 3, 19: 2, 68: 5, 3: 4, 55: 6, 1: 2, 23: 7, 67: 11, 59: 3, 4: 6, 27: 7, 14: 6, 66: 4, 35: 7, 13: 6, 36: 3, 45: 1, 99: 3, 28: 5, 17: 2, 47: 8, 24: 2, 26: 3, 88: 2, 46: 1, 77: 2, 15: 5, 39: 2, 12: 3, 56: 2, 22: 3, 5: 2, 34: 2, 78: 2, 79: 2, 25: 1, 44: 1, 33: 1, 2: 2, 11: 2, 9: 1, 16: 1, 49: 1, 57: 1}","{4: 21, 5: 12, 1: 12, 2: 29, 8: 15, 6: 11, 7: 11, 3: 16}",4.133858267716535,2.354330708661417,1.1653543307086613,1.8189630478372958
41,TFT3_Leona,70,"{2: 62, 3: 4, 1: 4}","{'Blaster_1': 35, 'Chrono_1': 30, 'Cybernetic_2': 44, 'Infiltrator_1': 14, 'ManaReaver_1': 59, 'Set3_Blademaster_1': 55, 'Cybernetic_1': 18, 'Set3_Celestial_1': 27, 'Vanguard_1': 27, 'Mercenary_1': 31, 'Valkyrie_1': 24, 'Set3_Mystic_1': 4, 'Set3_Brawler_1': 3, 'SpacePirate_1': 2, 'Vanguard_2': 2, 'Set3_Sorcerer_3': 2, 'StarGuardian_1': 2, 'Demolitionist_1': 1, 'Sniper_1': 2, 'Chrono_2': 2, 'Blaster_2': 1}","{36: 18, 88: 8, 3: 3, 66: 2, 59: 1, 47: 8, 67: 11, 8: 1, 4: 4, 17: 1, 68: 2, 79: 1, 6: 1, 38: 1, 25: 1, 5: 1, 69: 1, 55: 2, 7: 1, 9: 1, 77: 2, 35: 2, 2: 1, 45: 2}","{4: 11, 5: 12, 7: 5, 1: 5, 2: 8, 8: 11, 6: 9, 3: 9}",4.7,2.0,1.0857142857142856,1.0025780578630765
42,TFT3_Lucian,95,"{2: 72, 1: 22, 3: 1}","{'Blaster_1': 52, 'Chrono_1': 55, 'Cybernetic_2': 44, 'Infiltrator_1': 14, 'ManaReaver_1': 67, 'Set3_Blademaster_1': 62, 'Cybernetic_1': 29, 'Set3_Celestial_1': 34, 'Vanguard_1': 25, 'Mercenary_1': 44, 'Valkyrie_1': 28, 'Set3_Mystic_1': 4, 'Set3_Brawler_1': 6, 'Blaster_2': 17, 'Set3_Brawler_2': 16, 'Demolitionist_1': 7, 'Rebel_2': 2, 'Starship_1': 4, 'SpacePirate_2': 1, 'Rebel_1': 8, 'Sniper_1': 1, 'SpacePirate_1': 1, 'Chrono_2': 2}","{12: 9, 24: 2, 7: 3, 57: 49, 29: 9, 19: 4, 49: 2, 56: 6, 88: 1, 18: 1, 4: 2, 69: 2, 28: 2, 1: 3, 5: 2, 59: 1, 9: 2, 79: 2, 67: 3, 2: 2, 17: 2, 11: 4, 14: 2, 46: 1, 15: 3, 23: 2, 58: 1, 34: 2, 26: 4, 3: 1, 99: 2, 33: 1}","{4: 10, 5: 18, 7: 13, 1: 9, 2: 12, 8: 12, 6: 12, 3: 9}",4.726315789473684,1.7789473684210526,1.3894736842105264,1.3606416499570324
43,TFT3_Thresh,191,"{1: 118, 2: 73}","{'Blaster_1': 56, 'Chrono_1': 154, 'Cybernetic_2': 23, 'Infiltrator_1': 14, 'ManaReaver_1': 171, 'Mercenary_1': 106, 'Set3_Blademaster_1': 123, 'Set3_Celestial_1': 85, 'Valkyrie_1': 70, 'Vanguard_1': 52, 'Set3_Blademaster_2': 5, 'Protector_1': 29, 'Set3_Celestial_2': 46, 'Set3_Mystic_1': 54, 'Cybernetic_1': 16, 'Sniper_1': 43, 'Chrono_2': 18, 'Demolitionist_1': 39, 'SpacePirate_1': 21, 'Rebel_1': 10, 'Starship_1': 6, 'DarkStar_1': 7, 'Set3_Sorcerer_1': 7, 'Set3_Brawler_1': 11, 'Set3_Brawler_2': 8, 'Set3_Mystic_2': 1, 'SpacePirate_2': 7, 'MechPilot_1': 1, 'Set3_Void_1': 3, 'Set3_Sorcerer_3': 1, 'StarGuardian_1': 1, 'DarkStar_2': 1, 'Blaster_2': 1, 'Rebel_2': 1}","{67: 7, 44: 5, 24: 2, 47: 9, 4: 3, 46: 5, 17: 4, 14: 5, 68: 4, 77: 1, 19: 1, 23: 3, 34: 1, 57: 1, 18: 3, 26: 2, 79: 1, 45: 1, 22: 2, 49: 1, 28: 2, 36: 1, 27: 1, 66: 2, 2: 2, 5: 1, 48: 1, 99: 1, 7: 1, 3: 1}","{4: 29, 3: 29, 5: 16, 7: 18, 1: 36, 6: 10, 8: 17, 2: 36}",3.7329842931937174,1.382198952879581,0.387434554973822,2.7356058435978228
44,TFT3_Ekko,68,"{2: 37, 1: 31}","{'Blaster_1': 23, 'Chrono_1': 24, 'Cybernetic_2': 44, 'Infiltrator_1': 16, 'ManaReaver_1': 47, 'Infiltrator_2': 11, 'Set3_Blademaster_1': 46, 'Valkyrie_1': 24, 'Cybernetic_1': 8, 'Set3_Celestial_1': 20, 'Vanguard_1': 13, 'Set3_Mystic_1': 1, 'Mercenary_1': 23, 'Set3_Brawler_1': 2, 'Set3_Brawler_2': 3, 'Set3_Sorcerer_1': 9, 'Set3_Void_1': 3, 'Demolitionist_1': 9, 'MechPilot_1': 11, 'Infiltrator_3': 4, 'Blaster_2': 1, 'Rebel_1': 1}","{57: 13, 33: 6, 14: 4, 36: 8, 45: 6, 34: 5, 99: 4, 44: 3, 2: 3, 4: 4, 9: 1, 23: 2, 37: 3, 59: 4, 25: 1, 12: 4, 47: 2, 56: 2, 13: 1, 3: 2, 39: 4, 24: 4, 66: 1, 49: 3, 67: 3, 22: 1, 19: 2, 11: 1, 27: 2, 1: 1, 8: 1}","{4: 8, 5: 8, 7: 6, 2: 12, 8: 8, 6: 9, 1: 8, 3: 9}",4.279411764705882,1.5441176470588236,1.4852941176470589,0.97393297049556
45,TFT3_Xayah,147,"{2: 32, 1: 19, 3: 96}","{'Blaster_1': 16, 'Chrono_2': 7, 'Mercenary_1': 34, 'Set3_Blademaster_1': 134, 'Set3_Celestial_1': 57, 'Valkyrie_1': 33, 'Chrono_1': 123, 'ManaReaver_1': 96, 'Vanguard_1': 16, 'Infiltrator_1': 7, 'Set3_Blademaster_2': 9, 'Protector_1': 80, 'Set3_Celestial_2': 85, 'Set3_Mystic_1': 31, 'Cybernetic_1': 8, 'Sniper_1': 56, 'Demolitionist_1': 6, 'Set3_Brawler_1': 6, 'Cybernetic_2': 6, 'Set3_Sorcerer_1': 1, 'Protector_2': 1, 'Set3_Celestial_3': 1, 'SpacePirate_1': 1}","{17: 4, 11: 43, 29: 81, 69: 55, 19: 46, 12: 5, 24: 1, 79: 15, 7: 1, 49: 4, 67: 5, 59: 1, 15: 9, 48: 1, 22: 2, 26: 21, 56: 2, 99: 2, 23: 1, 9: 1}","{2: 29, 3: 18, 8: 17, 1: 19, 7: 15, 6: 16, 5: 11, 4: 22}",4.156462585034014,2.5238095238095237,2.0408163265306123,2.1054139215124605
46,TFT3_Poppy,17,"{2: 9, 3: 8}","{'Chrono_1': 11, 'Set3_Sorcerer_2': 3, 'Vanguard_1': 13, 'Set3_Sorcerer_3': 8, 'StarGuardian_1': 8, 'Chrono_2': 1, 'ManaReaver_1': 3, 'Mercenary_1': 4, 'Set3_Blademaster_1': 3, 'Set3_Celestial_1': 3, 'Valkyrie_1': 3, 'StarGuardian_2': 2, 'Set3_Mystic_1': 3, 'DarkStar_1': 3, 'Vanguard_2': 3, 'DarkStar_2': 1, 'Set3_Sorcerer_1': 1, 'Sniper_1': 2}","{55: 6, 67: 1, 33: 4, 36: 5, 77: 1, 66: 5, 69: 2, 15: 2, 25: 1, 17: 1, 88: 1, 6: 1, 45: 1, 59: 1}","{7: 1, 3: 6, 1: 2, 8: 3, 5: 1, 4: 1, 6: 2, 2: 1}",4.352941176470588,2.4705882352941178,1.8823529411764706,0.24348324262389
47,TFT3_Caitlyn,72,"{2: 21, 3: 50, 1: 1}","{'Chrono_1': 71, 'Protector_1': 58, 'Set3_Blademaster_1': 67, 'Set3_Celestial_1': 21, 'ManaReaver_1': 32, 'Set3_Celestial_2': 51, 'Sniper_1': 59, 'Infiltrator_1': 2, 'Set3_Mystic_1': 13, 'Demolitionist_1': 2, 'Mercenary_1': 5, 'Set3_Sorcerer_1': 1, 'DarkStar_1': 1, 'SpacePirate_2': 2, 'Vanguard_1': 3, 'Protector_2': 1, 'Valkyrie_1': 1, 'Set3_Mystic_2': 1}","{23: 6, 26: 6, 11: 3, 19: 1, 67: 3, 28: 1, 59: 1, 79: 2, 12: 4, 13: 2, 18: 3, 49: 2, 45: 1, 57: 2, 56: 3, 2: 2, 24: 5, 14: 3, 69: 4, 29: 3, 58: 1, 15: 1, 16: 2}","{8: 12, 3: 9, 1: 8, 2: 17, 4: 10, 7: 7, 6: 5, 5: 4}",4.222222222222222,2.6805555555555554,0.8472222222222222,1.031223145230593
48,TFT3_JarvanIV,118,"{2: 33, 3: 78, 1: 7}","{'Chrono_1': 90, 'Protector_1': 80, 'Set3_Blademaster_1': 91, 'Set3_Celestial_1': 40, 'ManaReaver_1': 51, 'Set3_Celestial_2': 75, 'Set3_Mystic_1': 44, 'DarkStar_2': 22, 'Set3_Sorcerer_1': 22, 'Sniper_1': 76, 'Vanguard_1': 4, 'Infiltrator_1': 4, 'Demolitionist_1': 1, 'Mercenary_1': 4, 'Valkyrie_1': 3, 'Set3_Brawler_1': 1, 'Cybernetic_1': 1, 'Set3_Blademaster_2': 2, 'DarkStar_1': 1, 'Protector_2': 2, 'Set3_Mystic_2': 1}","{45: 15, 38: 2, 35: 30, 36: 21, 59: 4, 27: 24, 3: 10, 55: 13, 66: 10, 33: 25, 99: 3, 47: 16, 46: 1, 77: 5, 5: 1, 79: 5, 67: 4, 18: 1, 24: 1, 44: 3, 68: 3, 13: 2, 14: 1, 17: 1, 37: 1, 48: 1, 25: 3, 4: 2, 7: 1, 19: 1, 6: 1}","{8: 15, 1: 17, 2: 30, 3: 12, 4: 19, 7: 10, 5: 7, 6: 8}",3.9152542372881354,2.6016949152542375,1.7881355932203389,1.6900601546834717
49,TFT3_Mordekaiser,34,"{1: 12, 2: 22}","{'DarkStar_2': 20, 'Set3_Celestial_1': 30, 'Set3_Mystic_1': 24, 'Set3_Sorcerer_1': 21, 'Sniper_1': 28, 'Vanguard_1': 11, 'Chrono_1': 8, 'DarkStar_1': 10, 'ManaReaver_1': 6, 'SpacePirate_1': 3, 'Vanguard_2': 5, 'Protector_1': 1, 'Set3_Celestial_2': 1, 'Set3_Brawler_1': 1, 'Set3_Sorcerer_2': 1, 'StarGuardian_1': 1, 'Mercenary_1': 4, 'Infiltrator_1': 2, 'Demolitionist_1': 1, 'Set3_Blademaster_1': 1, 'Valkyrie_1': 1}","{67: 3, 23: 1, 15: 2, 55: 4, 27: 3, 38: 1, 12: 1, 7: 3, 25: 1, 36: 1, 47: 1, 59: 1, 66: 1}","{2: 9, 8: 8, 3: 2, 4: 5, 7: 2, 1: 4, 6: 3, 5: 1}",4.382352941176471,1.6470588235294117,0.6764705882352942,0.48696648524778
50,TFT3_Xerath,51,"{2: 29, 1: 22}","{'DarkStar_2': 28, 'Set3_Celestial_1': 36, 'Set3_Mystic_1': 28, 'Set3_Sorcerer_1': 32, 'Sniper_1': 35, 'Vanguard_1': 18, 'Mercenary_1': 11, 'Set3_Sorcerer_3': 10, 'StarGuardian_1': 10, 'Chrono_1': 17, 'DarkStar_1': 11, 'ManaReaver_1': 8, 'SpacePirate_1': 4, 'Infiltrator_1': 5, 'Protector_1': 1, 'Set3_Celestial_2': 1, 'Set3_Brawler_1': 1, 'Demolitionist_1': 6, 'MechPilot_1': 1, 'Set3_Sorcerer_2': 1, 'Vanguard_2': 1, 'Set3_Sorcerer_4': 1, 'Set3_Brawler_2': 1, 'Set3_Void_1': 1}","{23: 37, 15: 5, 69: 24, 37: 6, 33: 9, 24: 3, 29: 1, 8: 1, 28: 2, 17: 2, 34: 3, 35: 1, 38: 1, 48: 1, 22: 5, 39: 1, 18: 2, 26: 2, 16: 1, 13: 1, 2: 2, 25: 1, 66: 2}","{2: 8, 6: 7, 3: 7, 8: 7, 5: 6, 7: 5, 1: 6, 4: 5}",4.431372549019608,1.5686274509803921,2.215686274509804,0.73044972787167
51,TFT3_Neeko,3,"{3: 2, 2: 1}","{'Infiltrator_1': 1, 'ManaReaver_1': 1, 'Protector_2': 2, 'Set3_Celestial_2': 1, 'SpacePirate_1': 1, 'Set3_Mystic_1': 2, 'Set3_Sorcerer_2': 1, 'StarGuardian_2': 1, 'DarkStar_1': 1, 'Set3_Celestial_1': 1, 'Sniper_1': 1}","{36: 2, 33: 1, 28: 1, 66: 1, 15: 1, 37: 1}","{4: 2, 5: 1}",4.333333333333333,2.6666666666666665,2.3333333333333335,0.042967631051274706
