,Champion_Id,Count,Tier,Traits,Item,Placement_List,Average_Placement,Average_Tier,Average_#_Item,Count(%),Champion_Name,Image
0,TFT3_Malphite,28,"{1: 4, 2: 24}","{'Blaster_2': 2, 'Chrono_1': 4, 'Mercenary_1': 24, 'Set3_Brawler_2': 4, 'Valkyrie_1': 4, 'Rebel_1': 3, 'Demolitionist_1': 13, 'Rebel_2': 22, 'Set3_Mystic_1': 9, 'Starship_1': 19, 'Blaster_1': 19, 'Cybernetic_1': 1, 'Set3_Blademaster_1': 7, 'Set3_Brawler_1': 2, 'Set3_Celestial_1': 2}","{59: {'count': 1, 'average_placement': 7.0}, 36: {'count': 2, 'average_placement': 0.0068359375}, 55: {'count': 1, 'average_placement': 7.0}, 5: {'count': 1, 'average_placement': 7.0}, 67: {'count': 1, 'average_placement': 5.0}, 1: {'count': 1, 'average_placement': 5.0}, 68: {'count': 1, 'average_placement': 5.0}}","{4: 4, 3: 3, 5: 5, 7: 5, 8: 5, 6: 4, 1: 1, 2: 1}",5.428571428571429,1.8571428571428572,0.2857142857142857,4.2748091603053435,Malphite,../../../assets/set3/champions/malphite.png
1,TFT3_Graves,3,{2: 3},"{'Blaster_2': 3, 'Chrono_1': 3, 'Mercenary_1': 3, 'Set3_Brawler_2': 1, 'Valkyrie_1': 2, 'SpacePirate_1': 1, 'Vanguard_2': 1, 'SpacePirate_2': 1}",{},"{4: 1, 2: 1, 5: 1}",3.6666666666666665,2.0,0.0,0.45801526717557256,Graves,../../../assets/set3/champions/graves.png
2,TFT3_Blitzcrank,11,"{2: 8, 1: 3}","{'Blaster_2': 4, 'Chrono_1': 8, 'Mercenary_1': 9, 'Set3_Brawler_2': 4, 'Valkyrie_1': 4, 'Rebel_1': 2, 'Blaster_1': 6, 'Cybernetic_1': 3, 'Set3_Blademaster_1': 3, 'Set3_Brawler_1': 6, 'Cybernetic_2': 2, 'ManaReaver_1': 2, 'Set3_Mystic_1': 2, 'Chrono_2': 1, 'SpacePirate_2': 1, 'Vanguard_1': 1}","{58: {'count': 1, 'average_placement': 3.0}}","{4: 3, 3: 2, 7: 2, 6: 1, 5: 2, 2: 1}",4.545454545454546,1.7272727272727273,0.09090909090909091,1.6793893129770994,Blitzcrank,../../../assets/set3/champions/blitzcrank.png
3,TFT3_Ezreal,11,"{2: 9, 1: 2}","{'Blaster_2': 6, 'Chrono_1': 9, 'Mercenary_1': 8, 'Set3_Brawler_2': 4, 'Valkyrie_1': 3, 'Rebel_1': 2, 'SpacePirate_1': 1, 'Vanguard_2': 2, 'Blaster_1': 5, 'Cybernetic_2': 2, 'Infiltrator_1': 1, 'Set3_Mystic_1': 1, 'Chrono_2': 1, 'Set3_Brawler_1': 1, 'Set3_Mystic_2': 1, 'Set3_Blademaster_1': 1, 'SpacePirate_2': 1}","{57: {'count': 2, 'average_placement': 0.5625}, 12: {'count': 2, 'average_placement': 0.00390625}, 29: {'count': 1, 'average_placement': 5.0}, 34: {'count': 1, 'average_placement': 5.0}, 13: {'count': 1, 'average_placement': 5.0}}","{4: 2, 3: 2, 2: 1, 6: 1, 5: 4, 8: 1}",4.545454545454546,1.8181818181818181,0.6363636363636364,1.6793893129770994,Ezreal,../../../assets/set3/champions/ezreal.png
4,TFT3_Vi,17,"{2: 14, 1: 3}","{'Blaster_2': 2, 'Chrono_1': 8, 'Mercenary_1': 13, 'Set3_Brawler_2': 4, 'Valkyrie_1': 8, 'Rebel_1': 2, 'Blaster_1': 13, 'Cybernetic_1': 4, 'Set3_Blademaster_1': 8, 'Set3_Brawler_1': 5, 'Cybernetic_2': 9, 'Infiltrator_1': 3, 'ManaReaver_1': 3, 'Set3_Mystic_1': 2, 'Vanguard_1': 1, 'Set3_Celestial_1': 1}","{67: {'count': 4, 'average_placement': 0.004916972093621399}, 47: {'count': 1, 'average_placement': 4.0}, 45: {'count': 1, 'average_placement': 3.0}, 99: {'count': 1, 'average_placement': 3.0}, 37: {'count': 2, 'average_placement': 0.5625}, 6: {'count': 1, 'average_placement': 8.0}, 77: {'count': 1, 'average_placement': 2.0}, 68: {'count': 1, 'average_placement': 1.0}, 59: {'count': 1, 'average_placement': 3.0}}","{4: 2, 3: 5, 7: 3, 6: 1, 5: 2, 2: 2, 8: 1, 1: 1}",4.294117647058823,1.8235294117647058,0.7647058823529411,2.595419847328244,Vi,../../../assets/set3/champions/vi.png
5,TFT3_Jinx,44,"{2: 27, 1: 17}","{'Blaster_2': 6, 'Chrono_1': 7, 'Mercenary_1': 40, 'Set3_Brawler_2': 4, 'Valkyrie_1': 6, 'Rebel_1': 3, 'Demolitionist_1': 26, 'Rebel_2': 35, 'Set3_Mystic_1': 19, 'Starship_1': 31, 'Blaster_1': 27, 'Set3_Blademaster_1': 10, 'SpacePirate_1': 1, 'Vanguard_2': 2, 'Set3_Brawler_1': 2, 'Set3_Celestial_1': 4, 'Chrono_2': 1, 'SpacePirate_2': 1}","{11: {'count': 2, 'average_placement': 2.86102294921875e-06}, 57: {'count': 14, 'average_placement': 1.0627847286445341e-06}, 22: {'count': 5, 'average_placement': 7.680001525878979e-05}, 26: {'count': 8, 'average_placement': 0.03125}, 99: {'count': 3, 'average_placement': 1.6261826552291287e-07}, 49: {'count': 3, 'average_placement': 1.4176655529331857e-11}, 9: {'count': 2, 'average_placement': 2.09808349609375e-05}, 12: {'count': 13, 'average_placement': 2.6939401673182903e-06}, 15: {'count': 4, 'average_placement': 4.768376909472352e-07}, 19: {'count': 2, 'average_placement': 3.5}, 24: {'count': 3, 'average_placement': 0.25926943178530093}, 69: {'count': 2, 'average_placement': 3.337860107421875e-06}, 89: {'count': 1, 'average_placement': 3.0}, 2: {'count': 4, 'average_placement': 0.1254179526748971}, 1: {'count': 3, 'average_placement': 0.0740743566442419}, 23: {'count': 3, 'average_placement': 1.7248700545623437e-06}, 66: {'count': 1, 'average_placement': 2.0}, 56: {'count': 1, 'average_placement': 4.0}, 29: {'count': 2, 'average_placement': 0.1875}, 18: {'count': 1, 'average_placement': 2.0}}","{4: 8, 3: 4, 5: 6, 1: 5, 2: 5, 8: 6, 7: 4, 6: 6}",4.568181818181818,1.6136363636363635,1.75,6.7175572519083975,Jinx,../../../assets/set3/champions/jinx.png
6,TFT3_ChoGath,7,"{2: 6, 1: 1}","{'Blaster_2': 3, 'Chrono_1': 4, 'Mercenary_1': 6, 'Set3_Brawler_2': 4, 'Valkyrie_1': 2, 'Rebel_1': 2, 'Blaster_1': 4, 'Rebel_2': 1, 'Set3_Brawler_1': 3, 'Starship_1': 1, 'Cybernetic_1': 1, 'Set3_Blademaster_1': 1, 'Set3_Mystic_1': 1, 'Chrono_2': 1}","{36: {'count': 2, 'average_placement': 2.25}, 78: {'count': 1, 'average_placement': 3.0}, 58: {'count': 1, 'average_placement': 7.0}, 7: {'count': 1, 'average_placement': 6.0}, 15: {'count': 1, 'average_placement': 5.0}, 4: {'count': 1, 'average_placement': 5.0}}","{4: 2, 3: 1, 7: 2, 6: 1, 5: 1}",5.142857142857143,1.8571428571428572,1.0,1.0687022900763359,ChoGath,../../../assets/set3/champions/chogath.png
7,TFT3_Kayle,22,"{2: 16, 1: 6}","{'Blaster_2': 2, 'Chrono_1': 4, 'Mercenary_1': 18, 'Set3_Brawler_2': 1, 'Valkyrie_1': 18, 'Blaster_1': 12, 'Demolitionist_1': 6, 'Rebel_2': 9, 'Set3_Blademaster_1': 16, 'Starship_1': 6, 'SpacePirate_1': 1, 'Vanguard_2': 1, 'Cybernetic_1': 2, 'Set3_Brawler_1': 3, 'Infiltrator_2': 3, 'MechPilot_1': 3, 'Cybernetic_2': 5, 'ManaReaver_1': 1, 'Set3_Mystic_2': 1, 'Set3_Sorcerer_1': 1, 'Set3_Celestial_1': 3, 'Set3_Mystic_1': 3, 'Infiltrator_1': 1}","{22: {'count': 5, 'average_placement': 0.03250165037722909}, 46: {'count': 1, 'average_placement': 1.0}, 29: {'count': 1, 'average_placement': 1.0}, 39: {'count': 1, 'average_placement': 7.0}, 36: {'count': 1, 'average_placement': 6.0}, 7: {'count': 1, 'average_placement': 7.0}, 12: {'count': 1, 'average_placement': 7.0}, 99: {'count': 1, 'average_placement': 4.0}, 23: {'count': 2, 'average_placement': 0.75}, 37: {'count': 1, 'average_placement': 8.0}, 57: {'count': 1, 'average_placement': 1.0}, 56: {'count': 1, 'average_placement': 4.0}, 15: {'count': 1, 'average_placement': 4.0}}","{4: 5, 1: 4, 2: 2, 7: 4, 8: 2, 6: 2, 3: 1, 5: 2}",4.409090909090909,1.7272727272727273,0.8181818181818182,3.3587786259541987,Kayle,../../../assets/set3/champions/kayle.png
8,TFT3_MissFortune,45,"{1: 21, 2: 24}","{'Blaster_2': 5, 'Chrono_1': 8, 'Mercenary_1': 45, 'Set3_Brawler_2': 3, 'Valkyrie_1': 16, 'Rebel_1': 3, 'Blaster_1': 37, 'Demolitionist_1': 20, 'Rebel_2': 25, 'Set3_Blademaster_1': 14, 'Starship_1': 24, 'SpacePirate_1': 1, 'Vanguard_2': 2, 'Cybernetic_1': 4, 'Set3_Brawler_1': 6, 'Cybernetic_2': 7, 'Infiltrator_1': 2, 'ManaReaver_1': 2, 'Set3_Mystic_1': 13, 'Chrono_2': 1, 'Set3_Mystic_2': 1, 'Set3_Celestial_1': 3, 'Vanguard_1': 1}","{15: {'count': 7, 'average_placement': 0.0024991763334352587}, 14: {'count': 2, 'average_placement': 0.0001678466796875}, 49: {'count': 4, 'average_placement': 0.0001492020156648424}, 33: {'count': 1, 'average_placement': 3.0}, 29: {'count': 1, 'average_placement': 3.0}, 44: {'count': 6, 'average_placement': 1.2145807719546288e-05}, 17: {'count': 1, 'average_placement': 2.0}, 23: {'count': 1, 'average_placement': 2.0}, 46: {'count': 3, 'average_placement': 0.010974355522333674}, 36: {'count': 1, 'average_placement': 8.0}, 67: {'count': 1, 'average_placement': 7.0}, 24: {'count': 6, 'average_placement': 0.3333338453333364}, 37: {'count': 4, 'average_placement': 0.6944444485836558}, 34: {'count': 3, 'average_placement': 0.0002032214413145624}, 69: {'count': 4, 'average_placement': 0.20833338300387064}, 3: {'count': 1, 'average_placement': 1.0}, 16: {'count': 2, 'average_placement': 0.5625}, 47: {'count': 1, 'average_placement': 3.0}, 48: {'count': 1, 'average_placement': 6.0}, 2: {'count': 2, 'average_placement': 0.001220703125}, 45: {'count': 2, 'average_placement': 5.960464477539063e-08}, 79: {'count': 5, 'average_placement': 0.04000183698735283}, 13: {'count': 1, 'average_placement': 6.0}, 26: {'count': 1, 'average_placement': 5.0}, 12: {'count': 2, 'average_placement': 0.6875}, 57: {'count': 1, 'average_placement': 5.0}, 58: {'count': 1, 'average_placement': 3.0}, 56: {'count': 1, 'average_placement': 3.0}, 99: {'count': 1, 'average_placement': 5.0}, 22: {'count': 1, 'average_placement': 7.0}, 38: {'count': 2, 'average_placement': 0.09375}, 66: {'count': 3, 'average_placement': 0.611111111111111}}","{4: 5, 3: 8, 1: 6, 2: 5, 7: 9, 8: 6, 6: 4, 5: 2}",4.555555555555555,1.5333333333333334,1.6222222222222222,6.870229007633588,MissFortune,../../../assets/set3/champions/missfortune.png
9,TFT3_Lucian,17,"{2: 12, 1: 4, 3: 1}","{'Blaster_2': 4, 'Chrono_1': 7, 'Mercenary_1': 13, 'Rebel_1': 1, 'Set3_Brawler_2': 1, 'Blaster_1': 12, 'Cybernetic_1': 3, 'Set3_Blademaster_1': 8, 'Set3_Brawler_1': 6, 'Valkyrie_1': 7, 'Cybernetic_2': 9, 'Infiltrator_1': 3, 'ManaReaver_1': 3, 'Chrono_2': 1, 'Vanguard_2': 1, 'Rebel_2': 1, 'Starship_1': 1, 'SpacePirate_2': 1, 'Set3_Mystic_1': 1, 'Vanguard_1': 1, 'Set3_Celestial_1': 1}","{57: {'count': 7, 'average_placement': 0.4365088253968254}, 28: {'count': 1, 'average_placement': 3.0}, 77: {'count': 1, 'average_placement': 3.0}, 12: {'count': 3, 'average_placement': 0.00014606513234771123}, 34: {'count': 3, 'average_placement': 0.2777777777777778}, 7: {'count': 1, 'average_placement': 7.0}, 58: {'count': 1, 'average_placement': 8.0}, 66: {'count': 1, 'average_placement': 2.0}, 19: {'count': 1, 'average_placement': 2.0}, 26: {'count': 1, 'average_placement': 3.0}}","{3: 5, 7: 2, 4: 2, 2: 2, 8: 3, 5: 2, 1: 1}",4.470588235294118,1.8235294117647058,1.1764705882352942,2.595419847328244,Lucian,../../../assets/set3/champions/lucian.png
10,TFT3_Ziggs,30,"{2: 16, 1: 14}","{'Demolitionist_1': 26, 'Mercenary_1': 29, 'Rebel_2': 29, 'Set3_Mystic_1': 16, 'Starship_1': 25, 'Blaster_1': 17, 'Set3_Blademaster_1': 8, 'Valkyrie_1': 3, 'Set3_Celestial_1': 2, 'Rebel_1': 1}","{67: {'count': 1, 'average_placement': 8.0}, 37: {'count': 1, 'average_placement': 4.0}}","{5: 2, 1: 3, 8: 4, 2: 4, 4: 5, 6: 4, 7: 4, 3: 4}",4.566666666666666,1.5333333333333334,0.06666666666666667,4.580152671755725,Ziggs,../../../assets/set3/champions/ziggs.png
11,TFT3_Sona,45,"{2: 26, 1: 16, 3: 3}","{'Demolitionist_1': 27, 'Mercenary_1': 35, 'Rebel_2': 37, 'Set3_Mystic_1': 24, 'Starship_1': 32, 'Blaster_1': 25, 'Set3_Blademaster_1': 11, 'Valkyrie_1': 6, 'Protector_2': 5, 'Set3_Celestial_1': 9, 'Set3_Brawler_1': 1, 'Set3_Mystic_2': 4, 'Chrono_1': 2, 'Rebel_1': 1, 'Set3_Brawler_2': 1, 'DarkStar_1': 1, 'Vanguard_2': 1}","{67: {'count': 1, 'average_placement': 6.0}, 46: {'count': 1, 'average_placement': 2.0}, 99: {'count': 1, 'average_placement': 8.0}}","{5: 6, 1: 5, 8: 7, 7: 5, 2: 7, 4: 6, 6: 6, 3: 3}",4.644444444444445,1.711111111111111,0.06666666666666667,6.870229007633588,Sona,../../../assets/set3/champions/sona.png
12,TFT3_MasterYi,33,"{2: 30, 1: 3}","{'Demolitionist_1': 23, 'Mercenary_1': 30, 'Rebel_2': 33, 'Set3_Mystic_1': 17, 'Starship_1': 28, 'Blaster_1': 20, 'Set3_Blademaster_1': 11, 'Valkyrie_1': 5, 'Set3_Brawler_1': 1, 'Set3_Celestial_1': 3}","{5: {'count': 2, 'average_placement': 9.5367431640625e-07}, 99: {'count': 1, 'average_placement': 5.0}, 67: {'count': 2, 'average_placement': 0.34375}, 1: {'count': 1, 'average_placement': 1.0}, 68: {'count': 1, 'average_placement': 1.0}}","{5: 4, 1: 5, 8: 5, 7: 4, 2: 2, 6: 4, 3: 4, 4: 5}",4.636363636363637,1.9090909090909092,0.21212121212121213,5.038167938931298,MasterYi,../../../assets/set3/champions/masteryi.png
13,TFT3_Gangplank,38,"{1: 21, 2: 17}","{'Demolitionist_1': 32, 'Mercenary_1': 38, 'Rebel_2': 33, 'Set3_Mystic_1': 21, 'Starship_1': 31, 'Blaster_1': 21, 'Set3_Blademaster_1': 8, 'Valkyrie_1': 4, 'Chrono_1': 2, 'Set3_Brawler_2': 1, 'Set3_Celestial_1': 4, 'Blaster_2': 2, 'Chrono_2': 1, 'Set3_Brawler_1': 1, 'DarkStar_2': 1, 'Sniper_1': 1, 'Rebel_1': 1, 'SpacePirate_2': 1}","{15: {'count': 24, 'average_placement': 0.0034764275667977696}, 37: {'count': 2, 'average_placement': 6.402842700481415e-10}, 34: {'count': 1, 'average_placement': 5.0}, 49: {'count': 4, 'average_placement': 0.12500000000019698}, 35: {'count': 1, 'average_placement': 2.0}, 79: {'count': 7, 'average_placement': 0.00046277032717864967}, 58: {'count': 7, 'average_placement': 0.040816326586869574}, 69: {'count': 1, 'average_placement': 4.0}, 39: {'count': 2, 'average_placement': 5.340576171875e-05}, 36: {'count': 8, 'average_placement': 0.00026407047199096284}, 5: {'count': 1, 'average_placement': 1.0}, 47: {'count': 2, 'average_placement': 0.0078125}, 33: {'count': 4, 'average_placement': 0.005859723270638943}, 44: {'count': 3, 'average_placement': 0.0022875764460448104}, 55: {'count': 3, 'average_placement': 0.0001551942031194432}, 57: {'count': 1, 'average_placement': 2.0}, 66: {'count': 1, 'average_placement': 8.0}, 67: {'count': 2, 'average_placement': 0.0001678466796875}, 78: {'count': 1, 'average_placement': 4.0}, 7: {'count': 1, 'average_placement': 4.0}, 29: {'count': 1, 'average_placement': 4.0}, 3: {'count': 1, 'average_placement': 4.0}, 24: {'count': 1, 'average_placement': 3.0}, 77: {'count': 1, 'average_placement': 7.0}, 89: {'count': 1, 'average_placement': 2.0}, 25: {'count': 2, 'average_placement': 0.009765625}, 4: {'count': 1, 'average_placement': 5.0}, 45: {'count': 1, 'average_placement': 6.0}, 99: {'count': 1, 'average_placement': 6.0}}","{5: 3, 1: 6, 2: 5, 4: 8, 6: 6, 7: 5, 8: 1, 3: 4}",4.052631578947368,1.4473684210526316,2.263157894736842,5.801526717557252,Gangplank,../../../assets/set3/champions/gangplank.png
14,TFT3_AurelionSol,35,"{1: 16, 2: 19}","{'Demolitionist_1': 27, 'Mercenary_1': 32, 'Rebel_2': 34, 'Set3_Mystic_1': 19, 'Starship_1': 35, 'Blaster_1': 23, 'Set3_Blademaster_1': 8, 'Valkyrie_1': 4, 'Set3_Brawler_1': 1, 'Set3_Celestial_1': 4, 'Rebel_1': 1}","{33: {'count': 9, 'average_placement': 3.4273391993254853e-06}, 46: {'count': 1, 'average_placement': 5.0}, 37: {'count': 19, 'average_placement': 0.2634862027746979}, 36: {'count': 11, 'average_placement': 0.4545454939394252}, 44: {'count': 16, 'average_placement': 0.31250008241297594}, 99: {'count': 1, 'average_placement': 4.0}, 38: {'count': 4, 'average_placement': 0.0058594246326844415}, 79: {'count': 1, 'average_placement': 5.0}, 5: {'count': 1, 'average_placement': 8.0}, 77: {'count': 2, 'average_placement': 0.28125}, 13: {'count': 1, 'average_placement': 4.0}, 66: {'count': 2, 'average_placement': 0.00439453125}, 34: {'count': 4, 'average_placement': 0.0003679534535349151}, 14: {'count': 1, 'average_placement': 4.0}, 15: {'count': 1, 'average_placement': 4.0}, 39: {'count': 1, 'average_placement': 7.0}}","{5: 4, 1: 5, 7: 6, 2: 5, 4: 5, 8: 3, 3: 4, 6: 3}",4.314285714285714,1.542857142857143,2.142857142857143,5.343511450381679,AurelionSol,../../../assets/set3/champions/aurelionsol.png
15,TFT3_Lulu,31,"{2: 19, 1: 12}","{'Demolitionist_1': 16, 'Mercenary_1': 21, 'Rebel_2': 18, 'Set3_Mystic_1': 26, 'Starship_1': 16, 'DarkStar_1': 4, 'Set3_Celestial_1': 13, 'Sniper_1': 6, 'Vanguard_2': 4, 'DarkStar_2': 3, 'Blaster_1': 15, 'Protector_2': 2, 'Set3_Mystic_2': 4, 'Chrono_1': 4, 'Rebel_1': 1, 'Set3_Brawler_2': 1, 'Valkyrie_1': 3, 'Set3_Blademaster_1': 5, 'Cybernetic_1': 1, 'Set3_Brawler_1': 1, 'Vanguard_1': 1, 'Cybernetic_2': 1, 'Infiltrator_1': 1}","{22: {'count': 1, 'average_placement': 5.0}, 44: {'count': 1, 'average_placement': 5.0}, 57: {'count': 1, 'average_placement': 5.0}, 24: {'count': 1, 'average_placement': 2.0}, 34: {'count': 1, 'average_placement': 2.0}, 99: {'count': 2, 'average_placement': 0.0703125}, 47: {'count': 2, 'average_placement': 4.57763671875e-05}, 79: {'count': 1, 'average_placement': 1.0}, 14: {'count': 1, 'average_placement': 3.0}, 67: {'count': 2, 'average_placement': 1.5}}","{5: 6, 6: 3, 2: 8, 4: 4, 1: 7, 3: 2, 7: 1}",3.225806451612903,1.6129032258064515,0.41935483870967744,4.732824427480916,Lulu,../../../assets/set3/champions/lulu.png
16,TFT3_Leona,15,"{2: 10, 1: 5}","{'DarkStar_1': 3, 'Set3_Celestial_1': 4, 'Set3_Mystic_1': 4, 'Sniper_1': 3, 'Vanguard_2': 3, 'Blaster_1': 10, 'Cybernetic_1': 3, 'Mercenary_1': 9, 'Set3_Blademaster_1': 7, 'Set3_Brawler_1': 4, 'Valkyrie_1': 6, 'Cybernetic_2': 9, 'Infiltrator_1': 3, 'ManaReaver_1': 3, 'Chrono_1': 5, 'Vanguard_1': 1}","{36: {'count': 2, 'average_placement': 0.0087890625}, 4: {'count': 1, 'average_placement': 7.0}, 88: {'count': 1, 'average_placement': 4.0}, 1: {'count': 1, 'average_placement': 3.0}, 8: {'count': 1, 'average_placement': 2.0}, 2: {'count': 1, 'average_placement': 7.0}, 58: {'count': 1, 'average_placement': 2.0}, 68: {'count': 1, 'average_placement': 1.0}}","{6: 1, 7: 2, 3: 4, 4: 2, 2: 2, 8: 1, 5: 1, 1: 2}",3.933333333333333,1.6666666666666667,0.6,2.2900763358778624,Leona,../../../assets/set3/champions/leona.png
17,TFT3_Mordekaiser,9,"{2: 7, 3: 2}","{'DarkStar_1': 4, 'Set3_Celestial_1': 6, 'Set3_Mystic_1': 6, 'Sniper_1': 6, 'Vanguard_2': 6, 'Blaster_2': 2, 'Chrono_1': 3, 'Mercenary_1': 3, 'SpacePirate_1': 1, 'Valkyrie_1': 1, 'DarkStar_2': 3, 'Set3_Mystic_2': 1}","{27: {'count': 1, 'average_placement': 2.0}, 36: {'count': 3, 'average_placement': 1.6041666666666667}, 66: {'count': 2, 'average_placement': 0.375}, 37: {'count': 2, 'average_placement': 0.375}, 55: {'count': 1, 'average_placement': 1.0}, 79: {'count': 1, 'average_placement': 5.0}, 25: {'count': 1, 'average_placement': 2.0}, 47: {'count': 1, 'average_placement': 1.0}, 67: {'count': 1, 'average_placement': 4.0}}","{6: 1, 2: 2, 5: 2, 1: 2, 8: 1, 4: 1}",3.7777777777777777,2.2222222222222223,1.4444444444444444,1.3740458015267176,Mordekaiser,../../../assets/set3/champions/mordekaiser.png
18,TFT3_Jayce,6,"{2: 5, 1: 1}","{'DarkStar_1': 3, 'Set3_Celestial_1': 2, 'Set3_Mystic_1': 2, 'Sniper_1': 2, 'Vanguard_2': 5, 'Blaster_2': 3, 'Chrono_1': 3, 'Mercenary_1': 3, 'SpacePirate_1': 1, 'Valkyrie_1': 1, 'Set3_Mystic_2': 1, 'SpacePirate_2': 1}","{44: {'count': 2, 'average_placement': 0.875}, 13: {'count': 1, 'average_placement': 6.0}, 77: {'count': 1, 'average_placement': 6.0}, 27: {'count': 1, 'average_placement': 2.0}, 89: {'count': 1, 'average_placement': 2.0}, 78: {'count': 1, 'average_placement': 2.0}}","{6: 1, 2: 2, 8: 1, 5: 1, 4: 1}",4.5,1.8333333333333333,1.1666666666666667,0.9160305343511451,Jayce,../../../assets/set3/champions/jayce.png
19,TFT3_Karma,16,"{1: 5, 2: 11}","{'DarkStar_1': 4, 'Set3_Celestial_1': 13, 'Set3_Mystic_1': 12, 'Sniper_1': 6, 'Vanguard_2': 4, 'Protector_2': 7, 'DarkStar_2': 3, 'Set3_Mystic_2': 4, 'Blaster_1': 2, 'Chrono_1': 3, 'Mercenary_1': 3, 'Valkyrie_1': 1, 'Cybernetic_1': 1, 'Set3_Brawler_1': 1, 'Vanguard_1': 1}",{},"{6: 2, 8: 2, 5: 3, 2: 4, 1: 2, 3: 2, 4: 1}",3.9375,1.6875,0.0,2.4427480916030535,Karma,../../../assets/set3/champions/karma.png
20,TFT3_Ashe,6,{2: 6},"{'DarkStar_1': 3, 'Set3_Celestial_1': 6, 'Set3_Mystic_1': 6, 'Sniper_1': 6, 'Vanguard_2': 3, 'DarkStar_2': 3, 'Mercenary_1': 1, 'Chrono_1': 1}","{23: {'count': 1, 'average_placement': 5.0}, 14: {'count': 2, 'average_placement': 1.25}, 26: {'count': 1, 'average_placement': 4.0}, 44: {'count': 1, 'average_placement': 4.0}}","{6: 1, 5: 2, 1: 2, 4: 1}",3.6666666666666665,2.0,0.8333333333333334,0.9160305343511451,Ashe,../../../assets/set3/champions/ashe.png
21,TFT3_WuKong,8,"{2: 6, 1: 1, 3: 1}","{'DarkStar_1': 4, 'Set3_Celestial_1': 3, 'Set3_Mystic_1': 4, 'Sniper_1': 3, 'Vanguard_2': 6, 'Blaster_2': 3, 'Chrono_1': 4, 'Mercenary_1': 4, 'SpacePirate_1': 1, 'Valkyrie_1': 1, 'Chrono_2': 1, 'Set3_Brawler_1': 2, 'Set3_Mystic_2': 1, 'Blaster_1': 1, 'Cybernetic_1': 1, 'Vanguard_1': 1}","{99: {'count': 1, 'average_placement': 6.0}, 46: {'count': 1, 'average_placement': 2.0}, 37: {'count': 1, 'average_placement': 1.0}, 67: {'count': 1, 'average_placement': 1.0}, 25: {'count': 1, 'average_placement': 1.0}, 19: {'count': 1, 'average_placement': 4.0}}","{6: 1, 2: 3, 4: 2, 8: 1, 1: 1}",3.625,2.0,0.75,1.2213740458015268,WuKong,../../../assets/set3/champions/wukong.png
22,TFT3_Jhin,6,{2: 6},"{'DarkStar_1': 3, 'Set3_Celestial_1': 6, 'Set3_Mystic_1': 6, 'Sniper_1': 6, 'Vanguard_2': 3, 'DarkStar_2': 3, 'Mercenary_1': 1, 'Chrono_1': 1}","{19: {'count': 7, 'average_placement': 0.625}, 15: {'count': 3, 'average_placement': 0.6666666666666666}, 26: {'count': 4, 'average_placement': 0.22916666666666666}, 69: {'count': 1, 'average_placement': 5.0}, 16: {'count': 1, 'average_placement': 4.0}, 29: {'count': 1, 'average_placement': 4.0}}","{6: 1, 5: 2, 1: 2, 4: 1}",3.6666666666666665,2.0,2.8333333333333335,0.9160305343511451,Jhin,../../../assets/set3/champions/jhin.png
23,TFT3_Yasuo,36,"{2: 27, 1: 9}","{'Blaster_1': 23, 'Demolitionist_1': 25, 'Mercenary_1': 32, 'Rebel_2': 35, 'Set3_Blademaster_1': 11, 'Starship_1': 31, 'Valkyrie_1': 5, 'Set3_Brawler_1': 1, 'Set3_Mystic_1': 17, 'Set3_Celestial_1': 4, 'Rebel_1': 1}","{9: {'count': 2, 'average_placement': 3.814697265625e-06}, 29: {'count': 1, 'average_placement': 2.0}, 22: {'count': 1, 'average_placement': 2.0}, 19: {'count': 2, 'average_placement': 5.7220458984375e-06}, 45: {'count': 1, 'average_placement': 4.0}, 14: {'count': 1, 'average_placement': 4.0}, 68: {'count': 1, 'average_placement': 4.0}, 99: {'count': 1, 'average_placement': 7.0}}","{1: 5, 8: 5, 7: 6, 2: 4, 6: 5, 5: 3, 3: 3, 4: 5}",4.694444444444445,1.75,0.2777777777777778,5.4961832061068705,Yasuo,../../../assets/set3/champions/yasuo.png
24,TFT3_Poppy,4,{2: 4},"{'Blaster_2': 2, 'Chrono_1': 3, 'Mercenary_1': 2, 'SpacePirate_1': 1, 'Valkyrie_1': 1, 'Vanguard_2': 4, 'DarkStar_1': 2, 'Set3_Mystic_2': 1, 'Set3_Celestial_1': 1, 'Set3_Mystic_1': 1, 'Sniper_1': 1}","{7: {'count': 1, 'average_placement': 2.0}}","{2: 2, 8: 1, 1: 1}",3.25,2.0,0.25,0.6106870229007634,Poppy,../../../assets/set3/champions/poppy.png
25,TFT3_JarvanIV,9,"{2: 5, 3: 3, 1: 1}","{'Protector_2': 6, 'Set3_Celestial_1': 9, 'Set3_Mystic_1': 7, 'DarkStar_2': 3, 'Sniper_1': 3, 'Set3_Mystic_2': 2, 'Mercenary_1': 1}","{19: {'count': 1, 'average_placement': 2.0}, 29: {'count': 1, 'average_placement': 2.0}, 47: {'count': 1, 'average_placement': 2.0}}","{8: 2, 5: 2, 2: 2, 1: 1, 6: 1, 3: 1}",4.444444444444445,2.2222222222222223,0.3333333333333333,1.3740458015267176,JarvanIV,../../../assets/set3/champions/jarvaniv.png
26,TFT3_Rakan,7,"{3: 5, 2: 2}","{'Protector_2': 6, 'Set3_Celestial_1': 6, 'Set3_Mystic_1': 4, 'Set3_Mystic_2': 2, 'Blaster_1': 1, 'Mercenary_1': 1, 'Rebel_2': 1}","{37: {'count': 3, 'average_placement': 1.5}, 2: {'count': 1, 'average_placement': 8.0}, 14: {'count': 5, 'average_placement': 3.2098765432098766}, 23: {'count': 1, 'average_placement': 2.0}, 34: {'count': 2, 'average_placement': 0.625}, 26: {'count': 1, 'average_placement': 2.0}, 99: {'count': 1, 'average_placement': 6.0}, 79: {'count': 1, 'average_placement': 3.0}, 44: {'count': 1, 'average_placement': 8.0}, 77: {'count': 1, 'average_placement': 8.0}}","{8: 3, 2: 2, 6: 1, 3: 1}",5.285714285714286,2.7142857142857144,2.4285714285714284,1.0687022900763359,Rakan,../../../assets/set3/champions/rakan.png
27,TFT3_XinZhao,6,"{2: 3, 3: 3}","{'Protector_2': 6, 'Set3_Celestial_1': 6, 'Set3_Mystic_1': 4, 'Set3_Mystic_2': 2}","{6: {'count': 1, 'average_placement': 8.0}, 55: {'count': 3, 'average_placement': 0.4444444444444444}, 66: {'count': 4, 'average_placement': 2.3333333333333335}, 25: {'count': 4, 'average_placement': 0.35416666666666663}, 77: {'count': 2, 'average_placement': 7.0}, 36: {'count': 1, 'average_placement': 6.0}, 26: {'count': 1, 'average_placement': 8.0}}","{8: 2, 2: 2, 6: 1, 3: 1}",4.833333333333333,2.5,2.6666666666666665,0.9160305343511451,XinZhao,../../../assets/set3/champions/xinzhao.png
28,TFT3_Neeko,6,"{2: 4, 3: 2}","{'Protector_2': 6, 'Set3_Celestial_1': 6, 'Set3_Mystic_1': 4, 'Set3_Mystic_2': 2}","{99: {'count': 3, 'average_placement': 1.1111111111111112}, 59: {'count': 1, 'average_placement': 2.0}}","{8: 2, 2: 2, 6: 1, 3: 1}",4.833333333333333,2.3333333333333335,0.6666666666666666,0.9160305343511451,Neeko,../../../assets/set3/champions/neeko.png
29,TFT3_Fiora,12,"{1: 5, 2: 7}","{'Blaster_1': 10, 'Cybernetic_1': 3, 'Mercenary_1': 9, 'Set3_Blademaster_1': 8, 'Set3_Brawler_1': 4, 'Valkyrie_1': 7, 'Cybernetic_2': 9, 'Infiltrator_1': 3, 'ManaReaver_1': 3, 'Chrono_1': 3, 'Set3_Celestial_1': 1}","{88: {'count': 1, 'average_placement': 7.0}, 24: {'count': 1, 'average_placement': 3.0}, 67: {'count': 2, 'average_placement': 0.0546875}, 8: {'count': 1, 'average_placement': 7.0}, 36: {'count': 1, 'average_placement': 3.0}, 7: {'count': 1, 'average_placement': 2.0}, 59: {'count': 1, 'average_placement': 2.0}, 2: {'count': 2, 'average_placement': 1.5}, 6: {'count': 1, 'average_placement': 1.0}}","{7: 3, 3: 4, 4: 1, 2: 1, 8: 1, 5: 1, 1: 1}",4.416666666666667,1.5833333333333333,0.9166666666666666,1.8320610687022902,Fiora,../../../assets/set3/champions/fiora.png
30,TFT3_Irelia,12,"{2: 11, 3: 1}","{'Blaster_1': 10, 'Cybernetic_1': 3, 'Mercenary_1': 9, 'Set3_Blademaster_1': 8, 'Set3_Brawler_1': 4, 'Valkyrie_1': 7, 'Cybernetic_2': 9, 'Infiltrator_1': 3, 'ManaReaver_1': 3, 'Chrono_1': 3, 'Set3_Celestial_1': 1}","{44: {'count': 3, 'average_placement': 0.2824074074074074}, 28: {'count': 4, 'average_placement': 0.06417181069958848}, 49: {'count': 3, 'average_placement': 0.154320987654321}, 19: {'count': 10, 'average_placement': 0.01863831569664903}, 16: {'count': 3, 'average_placement': 0.0033436213991769547}, 66: {'count': 1, 'average_placement': 3.0}, 15: {'count': 5, 'average_placement': 0.6286458333333333}, 69: {'count': 2, 'average_placement': 1.0}, 36: {'count': 1, 'average_placement': 3.0}}","{7: 3, 3: 4, 4: 1, 2: 1, 8: 1, 5: 1, 1: 1}",4.416666666666667,2.0833333333333335,2.6666666666666665,1.8320610687022902,Irelia,../../../assets/set3/champions/irelia.png
31,TFT3_Thresh,7,"{2: 5, 1: 2}","{'Blaster_1': 4, 'Cybernetic_2': 3, 'Infiltrator_1': 1, 'ManaReaver_1': 3, 'Mercenary_1': 5, 'Chrono_1': 5, 'Set3_Blademaster_1': 1, 'Set3_Brawler_1': 4, 'Valkyrie_1': 2, 'Blaster_2': 1, 'Chrono_2': 1, 'Set3_Mystic_2': 1, 'DarkStar_1': 1, 'Set3_Celestial_1': 1, 'Set3_Mystic_1': 2, 'Sniper_1': 1, 'Vanguard_2': 1, 'Cybernetic_1': 1, 'Vanguard_1': 1}","{67: {'count': 2, 'average_placement': 0.5625}, 36: {'count': 1, 'average_placement': 4.0}, 15: {'count': 1, 'average_placement': 5.0}, 55: {'count': 1, 'average_placement': 5.0}, 45: {'count': 1, 'average_placement': 1.0}, 35: {'count': 2, 'average_placement': 0.75}, 26: {'count': 1, 'average_placement': 1.0}}","{3: 2, 4: 2, 5: 1, 1: 1, 2: 1}",3.142857142857143,1.7142857142857142,1.2857142857142858,1.0687022900763359,Thresh,../../../assets/set3/champions/thresh.png
32,TFT3_Ekko,11,"{2: 8, 1: 3}","{'Blaster_1': 9, 'Cybernetic_2': 9, 'Infiltrator_1': 3, 'ManaReaver_1': 3, 'Mercenary_1': 8, 'Chrono_1': 3, 'Set3_Blademaster_1': 6, 'Set3_Brawler_1': 2, 'Valkyrie_1': 5, 'Demolitionist_1': 1, 'Rebel_1': 1, 'Starship_1': 1, 'Cybernetic_1': 1, 'Set3_Celestial_1': 1}","{9: {'count': 1, 'average_placement': 3.0}, 39: {'count': 2, 'average_placement': 0.5625}, 2: {'count': 1, 'average_placement': 3.0}, 36: {'count': 3, 'average_placement': 0.06944444444444445}, 89: {'count': 1, 'average_placement': 2.0}, 6: {'count': 1, 'average_placement': 8.0}, 88: {'count': 1, 'average_placement': 7.0}, 66: {'count': 2, 'average_placement': 4.0}, 12: {'count': 1, 'average_placement': 7.0}, 99: {'count': 1, 'average_placement': 1.0}, 49: {'count': 1, 'average_placement': 3.0}, 37: {'count': 1, 'average_placement': 3.0}}","{3: 4, 4: 1, 2: 1, 8: 1, 7: 2, 5: 1, 1: 1}",4.181818181818182,1.7272727272727273,1.4545454545454546,1.6793893129770994,Ekko,../../../assets/set3/champions/ekko.png
33,TFT3_Shaco,11,"{2: 9, 3: 2}","{'DarkStar_2': 3, 'Set3_Celestial_1': 3, 'Set3_Mystic_1': 3, 'Sniper_1': 3, 'Infiltrator_2': 6, 'MechPilot_1': 6, 'Valkyrie_1': 3, 'Infiltrator_1': 2, 'Set3_Sorcerer_1': 6, 'Mercenary_1': 1}","{36: {'count': 1, 'average_placement': 5.0}, 16: {'count': 3, 'average_placement': 2.0338541666666665}, 19: {'count': 5, 'average_placement': 1.2002278645833333}, 1: {'count': 1, 'average_placement': 6.0}, 15: {'count': 1, 'average_placement': 8.0}, 24: {'count': 1, 'average_placement': 1.0}, 5: {'count': 2, 'average_placement': 1.75}, 66: {'count': 1, 'average_placement': 1.0}, 25: {'count': 1, 'average_placement': 1.0}, 79: {'count': 1, 'average_placement': 6.0}}","{5: 2, 6: 3, 8: 2, 1: 3, 7: 1}",4.909090909090909,2.1818181818181817,1.5454545454545454,1.6793893129770994,Shaco,../../../assets/set3/champions/shaco.png
34,TFT3_Lux,7,"{2: 6, 3: 1}","{'DarkStar_2': 3, 'Set3_Celestial_1': 3, 'Set3_Mystic_1': 3, 'Sniper_1': 3, 'Infiltrator_1': 1, 'Set3_Sorcerer_1': 3, 'Infiltrator_2': 2, 'MechPilot_1': 2, 'Mercenary_1': 1, 'DarkStar_1': 1, 'Set3_Mystic_2': 1, 'Vanguard_2': 1}","{59: {'count': 1, 'average_placement': 1.0}, 14: {'count': 1, 'average_placement': 2.0}, 24: {'count': 1, 'average_placement': 2.0}, 39: {'count': 1, 'average_placement': 2.0}}","{5: 2, 8: 1, 1: 2, 2: 1, 6: 1}",4.0,2.142857142857143,0.5714285714285714,1.0687022900763359,Lux,../../../assets/set3/champions/lux.png
35,TFT3_KhaZix,6,"{2: 5, 1: 1}","{'Infiltrator_2': 5, 'MechPilot_1': 5, 'Valkyrie_1': 3, 'Blaster_1': 1, 'Cybernetic_2': 1, 'Infiltrator_1': 1, 'Set3_Sorcerer_1': 3}","{59: {'count': 1, 'average_placement': 1.0}}","{6: 2, 3: 1, 1: 2, 7: 1}",4.0,1.8333333333333333,0.16666666666666666,0.9160305343511451,KhaZix,../../../assets/set3/champions/khazix.png
36,TFT3_KaiSa,6,"{2: 5, 3: 1}","{'Infiltrator_2': 5, 'MechPilot_1': 5, 'Valkyrie_1': 3, 'Infiltrator_1': 1, 'Set3_Sorcerer_1': 4}","{36: {'count': 1, 'average_placement': 6.0}, 37: {'count': 4, 'average_placement': 0.53125}, 33: {'count': 1, 'average_placement': 8.0}, 44: {'count': 2, 'average_placement': 0.5625}, 34: {'count': 2, 'average_placement': 0.25}, 26: {'count': 1, 'average_placement': 7.0}, 79: {'count': 1, 'average_placement': 7.0}}","{6: 2, 8: 1, 1: 2, 7: 1}",4.833333333333333,2.1666666666666665,2.0,0.9160305343511451,KaiSa,../../../assets/set3/champions/kaisa.png
37,TFT3_Annie,6,"{2: 3, 3: 3}","{'Infiltrator_2': 5, 'MechPilot_1': 5, 'Valkyrie_1': 3, 'Infiltrator_1': 1, 'Set3_Sorcerer_1': 4}","{77: {'count': 1, 'average_placement': 8.0}, 55: {'count': 1, 'average_placement': 6.0}, 36: {'count': 1, 'average_placement': 6.0}, 39: {'count': 1, 'average_placement': 6.0}}","{6: 2, 8: 1, 1: 2, 7: 1}",4.833333333333333,2.5,0.6666666666666666,0.9160305343511451,Annie,../../../assets/set3/champions/annie.png
38,TFT3_Rumble,6,"{2: 4, 3: 2}","{'Infiltrator_2': 5, 'MechPilot_1': 5, 'Valkyrie_1': 3, 'Infiltrator_1': 1, 'Set3_Sorcerer_1': 4}","{47: {'count': 1, 'average_placement': 6.0}, 23: {'count': 1, 'average_placement': 1.0}, 25: {'count': 2, 'average_placement': 2.0}, 69: {'count': 2, 'average_placement': 2.0}, 66: {'count': 1, 'average_placement': 7.0}}","{6: 2, 8: 1, 1: 2, 7: 1}",4.833333333333333,2.3333333333333335,1.1666666666666667,0.9160305343511451,Rumble,../../../assets/set3/champions/rumble.png
39,TFT3_Fizz,5,{2: 5},"{'Infiltrator_2': 5, 'MechPilot_1': 5, 'Valkyrie_1': 3, 'Set3_Sorcerer_1': 3}",{},"{6: 2, 1: 2, 7: 1}",4.2,2.0,0.0,0.7633587786259541,Fizz,../../../assets/set3/champions/fizz.png
40,TFT3_Soraka,8,"{2: 5, 1: 3}","{'Protector_2': 4, 'Set3_Celestial_1': 4, 'Set3_Mystic_2': 4, 'Blaster_1': 1, 'Chrono_1': 1, 'Mercenary_1': 3, 'Valkyrie_1': 1, 'Demolitionist_1': 2, 'Rebel_2': 2, 'Set3_Mystic_1': 4, 'Starship_1': 2, 'DarkStar_1': 1, 'Vanguard_2': 1}","{49: {'count': 1, 'average_placement': 6.0}, 2: {'count': 1, 'average_placement': 6.0}, 3: {'count': 1, 'average_placement': 3.0}}","{2: 3, 5: 1, 7: 1, 6: 1, 3: 2}",3.75,1.625,0.375,1.2213740458015268,Soraka,../../../assets/set3/champions/soraka.png
41,TFT3_Shen,2,"{1: 1, 2: 1}","{'Rebel_2': 1, 'Set3_Blademaster_1': 2, 'Starship_1': 1, 'Blaster_1': 1, 'Chrono_1': 1, 'Cybernetic_2': 1}","{15: {'count': 1, 'average_placement': 5.0}, 33: {'count': 1, 'average_placement': 5.0}}",{5: 2},5.0,1.5,1.0,0.3053435114503817,Shen,../../../assets/set3/champions/shen.png
42,TFT3_Kassadin,1,{1: 1},"{'Demolitionist_1': 1, 'Mercenary_1': 1, 'Rebel_2': 1, 'Set3_Celestial_1': 1, 'Set3_Mystic_1': 1, 'Starship_1': 1}",{},{2: 1},2.0,1.0,0.0,0.15267175572519084,Kassadin,../../../assets/set3/champions/kassadin.png
43,TFT3_Syndra,1,{1: 1},"{'Infiltrator_2': 1, 'MechPilot_1': 1, 'Set3_Sorcerer_1': 1, 'Valkyrie_1': 1}",{},{7: 1},7.0,1.0,0.0,0.15267175572519084,Syndra,../../../assets/set3/champions/syndra.png
44,TFT3_Darius,2,"{1: 1, 2: 1}","{'Blaster_2': 2, 'Chrono_1': 2, 'Mercenary_1': 2, 'SpacePirate_2': 2}","{36: {'count': 1, 'average_placement': 5.0}, 15: {'count': 1, 'average_placement': 5.0}}",{5: 2},5.0,1.5,1.0,0.3053435114503817,Darius,../../../assets/set3/champions/darius.png
45,TFT3_Xayah,1,{1: 1},"{'Blaster_1': 1, 'Demolitionist_1': 1, 'Mercenary_1': 1, 'Rebel_2': 1, 'Set3_Blademaster_1': 1, 'Set3_Celestial_1': 1, 'Set3_Mystic_1': 1, 'Starship_1': 1}","{88: {'count': 1, 'average_placement': 1.0}}",{1: 1},1.0,1.0,1.0,0.15267175572519084,Xayah,../../../assets/set3/champions/xayah.png
