,Id,Count,Tier,Traits,Item,Placement,Average_Placement,Average_Tier,Average_#_Item,Count(%),Name,Image,Cost
0,TFT3_Fiora,12,"{3: 3, 2: 6, 1: 3}","{'Chrono_1': 6, 'ManaReaver_1': 11, 'Set3_Blademaster_1': 9, 'Set3_Celestial_1': 7, 'Set3_Mystic_1': 3, 'Cybernetic_2': 5, 'Blaster_1': 5, 'Protector_1': 2, 'Set3_Celestial_2': 2, 'Sniper_1': 2, 'Cybernetic_1': 4, 'Mercenary_1': 4, 'Valkyrie_1': 3, 'Infiltrator_1': 2}","{3: {'Id': 3, 'Count': 2, 'Sum_Placement': 10, 'Placement_List': [2, 8], 'Average_Placement': 5.0}, 6: {'Id': 6, 'Count': 1, 'Sum_Placement': 3, 'Placement_List': [3], 'Average_Placement': 3.0}, 67: {'Id': 67, 'Count': 2, 'Sum_Placement': 7, 'Placement_List': [2, 5], 'Average_Placement': 3.5}, 59: {'Id': 59, 'Count': 1, 'Sum_Placement': 2, 'Placement_List': [2], 'Average_Placement': 2.0}, 4: {'Id': 4, 'Count': 2, 'Sum_Placement': 15, 'Placement_List': [8, 7], 'Average_Placement': 7.5}, 88: {'Id': 88, 'Count': 1, 'Sum_Placement': 4, 'Placement_List': [4], 'Average_Placement': 4.0}, 19: {'Id': 19, 'Count': 1, 'Sum_Placement': 1, 'Placement_List': [1], 'Average_Placement': 1.0}, 68: {'Id': 68, 'Count': 1, 'Sum_Placement': 4, 'Placement_List': [4], 'Average_Placement': 4.0}, 23: {'Id': 23, 'Count': 1, 'Sum_Placement': 3, 'Placement_List': [3], 'Average_Placement': 3.0}}","{2: 3, 8: 2, 3: 2, 4: 2, 5: 1, 7: 1, 1: 1, 6: 0}",4.083333333333333,2.0,1.0,1.7543859649122806,Fiora,../../../assets/set3/champions/fiora.png,1
1,TFT3_Caitlyn,6,"{3: 5, 2: 1, 1: 0}","{'Chrono_1': 6, 'ManaReaver_1': 5, 'Set3_Blademaster_1': 6, 'Set3_Celestial_1': 1, 'Set3_Mystic_1': 3, 'Protector_1': 5, 'Set3_Celestial_2': 5, 'Sniper_1': 5, 'Infiltrator_1': 1}","{28: {'Id': 28, 'Count': 1, 'Sum_Placement': 4, 'Placement_List': [4], 'Average_Placement': 4.0}, 23: {'Id': 23, 'Count': 1, 'Sum_Placement': 1, 'Placement_List': [1], 'Average_Placement': 1.0}}","{2: 2, 4: 2, 3: 1, 1: 1, 5: 0, 6: 0, 7: 0, 8: 0}",2.6666666666666665,2.8333333333333335,0.3333333333333333,0.8771929824561403,Caitlyn,../../../assets/set3/champions/caitlyn.png,1
2,TFT3_JarvanIV,8,"{3: 6, 1: 1, 2: 1}","{'Chrono_1': 6, 'ManaReaver_1': 5, 'Set3_Blademaster_1': 6, 'Set3_Celestial_1': 3, 'Set3_Mystic_1': 5, 'DarkStar_2': 2, 'Sniper_1': 7, 'Protector_1': 5, 'Set3_Celestial_2': 5, 'Infiltrator_1': 1, 'Set3_Sorcerer_1': 1}","{47: {'Id': 47, 'Count': 2, 'Sum_Placement': 4, 'Placement_List': [2, 2], 'Average_Placement': 2.0}, 79: {'Id': 79, 'Count': 1, 'Sum_Placement': 2, 'Placement_List': [2], 'Average_Placement': 2.0}, 67: {'Id': 67, 'Count': 1, 'Sum_Placement': 7, 'Placement_List': [7], 'Average_Placement': 7.0}, 55: {'Id': 55, 'Count': 2, 'Sum_Placement': 5, 'Placement_List': [4, 1], 'Average_Placement': 2.5}, 35: {'Id': 35, 'Count': 4, 'Sum_Placement': 14, 'Placement_List': [4, 4, 4, 2], 'Average_Placement': 3.5}, 27: {'Id': 27, 'Count': 3, 'Sum_Placement': 8, 'Placement_List': [4, 2, 2], 'Average_Placement': 2.6666666666666665}, 33: {'Id': 33, 'Count': 1, 'Sum_Placement': 2, 'Placement_List': [2], 'Average_Placement': 2.0}, 36: {'Id': 36, 'Count': 2, 'Sum_Placement': 4, 'Placement_List': [3, 1], 'Average_Placement': 2.0}, 66: {'Id': 66, 'Count': 1, 'Sum_Placement': 1, 'Placement_List': [1], 'Average_Placement': 1.0}}","{2: 3, 7: 1, 4: 2, 3: 1, 1: 1, 5: 0, 6: 0, 8: 0}",3.125,2.625,2.125,1.1695906432748537,JarvanIV,../../../assets/set3/champions/jarvaniv.png,1
3,TFT3_Xayah,9,"{3: 6, 1: 1, 2: 2}","{'Chrono_1': 8, 'ManaReaver_1': 8, 'Set3_Blademaster_1': 9, 'Set3_Celestial_1': 3, 'Set3_Mystic_1': 3, 'Demolitionist_1': 2, 'Set3_Celestial_2': 6, 'Valkyrie_1': 3, 'Mercenary_1': 2, 'Protector_1': 5, 'Sniper_1': 5, 'Infiltrator_1': 1, 'Chrono_2': 1}","{11: {'Id': 11, 'Count': 4, 'Sum_Placement': 10, 'Placement_List': [2, 4, 3, 1], 'Average_Placement': 2.5}, 26: {'Id': 26, 'Count': 1, 'Sum_Placement': 2, 'Placement_List': [2], 'Average_Placement': 2.0}, 79: {'Id': 79, 'Count': 2, 'Sum_Placement': 5, 'Placement_List': [2, 3], 'Average_Placement': 2.5}, 7: {'Id': 7, 'Count': 1, 'Sum_Placement': 6, 'Placement_List': [6], 'Average_Placement': 6.0}, 69: {'Id': 69, 'Count': 4, 'Sum_Placement': 11, 'Placement_List': [4, 4, 2, 1], 'Average_Placement': 2.75}, 29: {'Id': 29, 'Count': 4, 'Sum_Placement': 10, 'Placement_List': [4, 2, 3, 1], 'Average_Placement': 2.5}, 59: {'Id': 59, 'Count': 1, 'Sum_Placement': 4, 'Placement_List': [4], 'Average_Placement': 4.0}, 12: {'Id': 12, 'Count': 1, 'Sum_Placement': 2, 'Placement_List': [2], 'Average_Placement': 2.0}, 17: {'Id': 17, 'Count': 1, 'Sum_Placement': 7, 'Placement_List': [7], 'Average_Placement': 7.0}}","{2: 2, 1: 2, 6: 1, 4: 2, 3: 1, 7: 1, 5: 0, 8: 0}",3.3333333333333335,2.5555555555555554,2.111111111111111,1.3157894736842104,Xayah,../../../assets/set3/champions/xayah.png,1
4,TFT3_Shen,24,"{3: 2, 2: 20, 1: 2}","{'Chrono_1': 21, 'ManaReaver_1': 19, 'Set3_Blademaster_1': 21, 'Set3_Celestial_1': 14, 'Set3_Mystic_1': 10, 'Mercenary_1': 14, 'Valkyrie_1': 14, 'Vanguard_1': 5, 'Demolitionist_1': 4, 'Set3_Celestial_2': 6, 'Blaster_1': 3, 'Chrono_2': 2, 'Rebel_2': 1, 'Protector_1': 5, 'Sniper_1': 5, 'Cybernetic_1': 1, 'Infiltrator_1': 1, 'Set3_Brawler_1': 1, 'Set3_Mystic_2': 1}","{17: {'Id': 17, 'Count': 2, 'Sum_Placement': 4, 'Placement_List': [2, 2], 'Average_Placement': 2.0}, 13: {'Id': 13, 'Count': 1, 'Sum_Placement': 2, 'Placement_List': [2], 'Average_Placement': 2.0}, 15: {'Id': 15, 'Count': 1, 'Sum_Placement': 7, 'Placement_List': [7], 'Average_Placement': 7.0}, 45: {'Id': 45, 'Count': 2, 'Sum_Placement': 11, 'Placement_List': [7, 4], 'Average_Placement': 5.5}, 88: {'Id': 88, 'Count': 1, 'Sum_Placement': 2, 'Placement_List': [2], 'Average_Placement': 2.0}, 47: {'Id': 47, 'Count': 1, 'Sum_Placement': 1, 'Placement_List': [1], 'Average_Placement': 1.0}, 59: {'Id': 59, 'Count': 2, 'Sum_Placement': 4, 'Placement_List': [1, 3], 'Average_Placement': 2.0}, 6: {'Id': 6, 'Count': 1, 'Sum_Placement': 3, 'Placement_List': [3], 'Average_Placement': 3.0}, 44: {'Id': 44, 'Count': 1, 'Sum_Placement': 3, 'Placement_List': [3], 'Average_Placement': 3.0}, 67: {'Id': 67, 'Count': 1, 'Sum_Placement': 1, 'Placement_List': [1], 'Average_Placement': 1.0}, 68: {'Id': 68, 'Count': 2, 'Sum_Placement': 9, 'Placement_List': [1, 8], 'Average_Placement': 4.5}, 5: {'Id': 5, 'Count': 1, 'Sum_Placement': 1, 'Placement_List': [1], 'Average_Placement': 1.0}}","{2: 2, 3: 3, 8: 2, 7: 4, 1: 7, 6: 2, 4: 3, 5: 1}",3.875,2.0,0.6666666666666666,3.508771929824561,Shen,../../../assets/set3/champions/shen.png,2
5,TFT3_Kassadin,34,"{2: 25, 1: 8, 3: 1}","{'Chrono_1': 24, 'ManaReaver_1': 31, 'Set3_Blademaster_1': 22, 'Set3_Celestial_1': 23, 'Set3_Mystic_1': 12, 'Blaster_1': 5, 'Demolitionist_1': 4, 'Mercenary_1': 19, 'Rebel_1': 1, 'Set3_Celestial_2': 9, 'Protector_1': 7, 'SpacePirate_1': 8, 'Sniper_1': 11, 'Valkyrie_1': 15, 'Vanguard_1': 10, 'Cybernetic_2': 2, 'Cybernetic_1': 5, 'Infiltrator_1': 1, 'Vanguard_2': 1, 'Set3_Celestial_3': 1, 'Chrono_2': 1}","{47: {'Id': 47, 'Count': 3, 'Sum_Placement': 12, 'Placement_List': [4, 7, 1], 'Average_Placement': 4.0}, 27: {'Id': 27, 'Count': 2, 'Sum_Placement': 4, 'Placement_List': [1, 3], 'Average_Placement': 2.0}, 45: {'Id': 45, 'Count': 2, 'Sum_Placement': 2, 'Placement_List': [1, 1], 'Average_Placement': 1.0}, 58: {'Id': 58, 'Count': 1, 'Sum_Placement': 2, 'Placement_List': [2], 'Average_Placement': 2.0}, 67: {'Id': 67, 'Count': 1, 'Sum_Placement': 2, 'Placement_List': [2], 'Average_Placement': 2.0}, 34: {'Id': 34, 'Count': 3, 'Sum_Placement': 12, 'Placement_List': [2, 4, 6], 'Average_Placement': 4.0}, 6: {'Id': 6, 'Count': 2, 'Sum_Placement': 11, 'Placement_List': [4, 7], 'Average_Placement': 5.5}, 15: {'Id': 15, 'Count': 1, 'Sum_Placement': 1, 'Placement_List': [1], 'Average_Placement': 1.0}, 2: {'Id': 2, 'Count': 1, 'Sum_Placement': 7, 'Placement_List': [7], 'Average_Placement': 7.0}, 79: {'Id': 79, 'Count': 1, 'Sum_Placement': 3, 'Placement_List': [3], 'Average_Placement': 3.0}, 5: {'Id': 5, 'Count': 1, 'Sum_Placement': 4, 'Placement_List': [4], 'Average_Placement': 4.0}}","{2: 3, 4: 6, 8: 6, 1: 6, 3: 4, 7: 4, 6: 3, 5: 2}",4.470588235294118,1.7941176470588236,0.5294117647058824,4.970760233918129,Kassadin,../../../assets/set3/champions/kassadin.png,3
6,TFT3_Soraka,12,"{2: 10, 1: 2, 3: 0}","{'Chrono_1': 8, 'ManaReaver_1': 7, 'Set3_Blademaster_1': 6, 'Set3_Celestial_1': 7, 'Set3_Mystic_1': 11, 'Mercenary_1': 8, 'Valkyrie_1': 4, 'Vanguard_1': 2, 'Demolitionist_1': 4, 'Sniper_1': 1, 'SpacePirate_1': 1, 'Blaster_1': 3, 'Rebel_1': 1, 'Set3_Brawler_2': 2, 'DarkStar_1': 1, 'Infiltrator_2': 1, 'MechPilot_1': 1, 'Set3_Sorcerer_1': 2, 'Rebel_2': 2, 'Set3_Brawler_1': 1, 'Starship_1': 2, 'Infiltrator_1': 1, 'Set3_Void_1': 1, 'Set3_Mystic_2': 1}","{14: {'Id': 14, 'Count': 1, 'Sum_Placement': 2, 'Placement_List': [2], 'Average_Placement': 2.0}}","{2: 3, 1: 4, 6: 2, 5: 1, 3: 2, 4: 0, 7: 0, 8: 0}",2.75,1.8333333333333333,0.08333333333333333,1.7543859649122806,Soraka,../../../assets/set3/champions/soraka.png,4
7,TFT3_Thresh,18,"{1: 10, 2: 8, 3: 0}","{'Chrono_1': 11, 'ManaReaver_1': 16, 'Set3_Blademaster_1': 12, 'Set3_Celestial_1': 10, 'Set3_Mystic_1': 3, 'Protector_1': 2, 'Set3_Celestial_2': 3, 'Sniper_1': 4, 'SpacePirate_1': 3, 'Demolitionist_1': 5, 'Valkyrie_1': 7, 'Blaster_1': 4, 'Chrono_2': 2, 'Mercenary_1': 8, 'Cybernetic_2': 4, 'Vanguard_1': 2, 'Cybernetic_1': 2, 'Infiltrator_1': 3, 'MechPilot_1': 1, 'Set3_Brawler_1': 1, 'Set3_Sorcerer_1': 1, 'Set3_Void_1': 1, 'Starship_1': 1, 'Set3_Mystic_2': 1}","{23: {'Id': 23, 'Count': 1, 'Sum_Placement': 1, 'Placement_List': [1], 'Average_Placement': 1.0}, 14: {'Id': 14, 'Count': 1, 'Sum_Placement': 1, 'Placement_List': [1], 'Average_Placement': 1.0}, 28: {'Id': 28, 'Count': 1, 'Sum_Placement': 5, 'Placement_List': [5], 'Average_Placement': 5.0}, 17: {'Id': 17, 'Count': 3, 'Sum_Placement': 11, 'Placement_List': [1, 5, 5], 'Average_Placement': 3.6666666666666665}, 44: {'Id': 44, 'Count': 1, 'Sum_Placement': 3, 'Placement_List': [3], 'Average_Placement': 3.0}}","{2: 2, 1: 4, 7: 2, 6: 2, 8: 1, 3: 3, 4: 2, 5: 2}",3.8333333333333335,1.4444444444444444,0.3888888888888889,2.631578947368421,Thresh,../../../assets/set3/champions/thresh.png,5
8,TFT3_Lulu,29,"{2: 10, 1: 19, 3: 0}","{'Chrono_1': 19, 'ManaReaver_1': 17, 'Set3_Blademaster_1': 15, 'Set3_Celestial_1': 18, 'Set3_Mystic_1': 20, 'Blaster_1': 6, 'Demolitionist_1': 6, 'Mercenary_1': 16, 'Rebel_1': 2, 'Set3_Celestial_2': 4, 'DarkStar_2': 2, 'Sniper_1': 6, 'Valkyrie_1': 12, 'Blaster_2': 1, 'Set3_Brawler_2': 3, 'Vanguard_1': 6, 'Cybernetic_2': 2, 'Rebel_2': 3, 'Starship_1': 3, 'Protector_1': 2, 'SpacePirate_1': 3, 'Set3_Sorcerer_3': 1, 'StarGuardian_1': 1, 'Cybernetic_1': 2, 'Infiltrator_1': 1, 'Set3_Sorcerer_1': 2, 'Set3_Void_1': 1, 'Set3_Mystic_2': 1}","{14: {'Id': 14, 'Count': 4, 'Sum_Placement': 6, 'Placement_List': [2, 2, 1, 1], 'Average_Placement': 1.5}, 47: {'Id': 47, 'Count': 2, 'Sum_Placement': 5, 'Placement_List': [4, 1], 'Average_Placement': 2.5}, 67: {'Id': 67, 'Count': 2, 'Sum_Placement': 10, 'Placement_List': [7, 3], 'Average_Placement': 5.0}, 15: {'Id': 15, 'Count': 1, 'Sum_Placement': 1, 'Placement_List': [1], 'Average_Placement': 1.0}, 66: {'Id': 66, 'Count': 1, 'Sum_Placement': 1, 'Placement_List': [1], 'Average_Placement': 1.0}, 44: {'Id': 44, 'Count': 2, 'Sum_Placement': 7, 'Placement_List': [6, 1], 'Average_Placement': 3.5}, 69: {'Id': 69, 'Count': 1, 'Sum_Placement': 1, 'Placement_List': [1], 'Average_Placement': 1.0}}","{2: 7, 4: 3, 7: 3, 3: 3, 6: 3, 1: 8, 8: 2, 5: 0}",3.3793103448275863,1.3448275862068966,0.4482758620689655,4.239766081871345,Lulu,../../../assets/set3/champions/lulu.png,5
9,TFT3_Ziggs,13,"{1: 5, 3: 5, 2: 3}","{'Blaster_1': 11, 'Chrono_1': 2, 'Demolitionist_1': 13, 'Mercenary_1': 12, 'Rebel_1': 3, 'Set3_Celestial_2': 1, 'Set3_Mystic_1': 7, 'Rebel_2': 9, 'SpacePirate_1': 1, 'Starship_1': 9, 'Set3_Blademaster_1': 3, 'ManaReaver_1': 1, 'Set3_Celestial_1': 1, 'Valkyrie_1': 3, 'SpacePirate_2': 2, 'Vanguard_1': 2, 'Set3_Brawler_1': 1}","{44: {'Id': 44, 'Count': 9, 'Sum_Placement': 23, 'Placement_List': [5, 5, 1, 1, 2, 2, 3, 2, 2], 'Average_Placement': 2.5555555555555554}, 34: {'Id': 34, 'Count': 3, 'Sum_Placement': 10, 'Placement_List': [5, 3, 2], 'Average_Placement': 3.3333333333333335}, 33: {'Id': 33, 'Count': 1, 'Sum_Placement': 1, 'Placement_List': [1], 'Average_Placement': 1.0}, 4: {'Id': 4, 'Count': 3, 'Sum_Placement': 11, 'Placement_List': [6, 2, 3], 'Average_Placement': 3.6666666666666665}}","{4: 1, 6: 3, 5: 2, 1: 1, 2: 3, 8: 2, 3: 1, 7: 0}",4.461538461538462,2.0,1.2307692307692308,1.9005847953216373,Ziggs,../../../assets/set3/champions/ziggs.png,1
10,TFT3_Sona,14,"{2: 10, 1: 3, 3: 1}","{'Blaster_1': 11, 'Chrono_1': 3, 'Demolitionist_1': 11, 'Mercenary_1': 11, 'Rebel_1': 3, 'Set3_Celestial_2': 1, 'Set3_Mystic_1': 9, 'Rebel_2': 9, 'SpacePirate_1': 1, 'Starship_1': 7, 'Cybernetic_2': 1, 'ManaReaver_1': 2, 'Set3_Celestial_1': 2, 'Set3_Blademaster_1': 3, 'Set3_Brawler_2': 2, 'Valkyrie_1': 2, 'Set3_Brawler_1': 1, 'Set3_Mystic_2': 1}","{46: {'Id': 46, 'Count': 2, 'Sum_Placement': 7, 'Placement_List': [2, 5], 'Average_Placement': 3.5}}","{4: 1, 6: 3, 5: 3, 2: 4, 1: 2, 3: 1, 7: 0, 8: 0}",3.5714285714285716,1.8571428571428572,0.14285714285714285,2.046783625730994,Sona,../../../assets/set3/champions/sona.png,2
11,TFT3_Ezreal,7,"{1: 3, 2: 4, 3: 0}","{'Blaster_1': 5, 'Chrono_1': 5, 'Demolitionist_1': 3, 'Mercenary_1': 6, 'Rebel_1': 3, 'Set3_Celestial_2': 1, 'Set3_Mystic_1': 1, 'Blaster_2': 2, 'Set3_Brawler_2': 2, 'Chrono_2': 1, 'Valkyrie_1': 2, 'Cybernetic_1': 1, 'ManaReaver_1': 1, 'Set3_Celestial_1': 1, 'Set3_Brawler_1': 2, 'Starship_1': 1}","{57: {'Id': 57, 'Count': 2, 'Sum_Placement': 12, 'Placement_List': [8, 4], 'Average_Placement': 6.0}, 9: {'Id': 9, 'Count': 1, 'Sum_Placement': 4, 'Placement_List': [4], 'Average_Placement': 4.0}, 26: {'Id': 26, 'Count': 1, 'Sum_Placement': 4, 'Placement_List': [4], 'Average_Placement': 4.0}, 19: {'Id': 19, 'Count': 1, 'Sum_Placement': 4, 'Placement_List': [4], 'Average_Placement': 4.0}, 17: {'Id': 17, 'Count': 2, 'Sum_Placement': 8, 'Placement_List': [4, 4], 'Average_Placement': 4.0}}","{4: 3, 6: 1, 7: 1, 5: 1, 8: 1, 1: 0, 2: 0, 3: 0}",5.428571428571429,1.5714285714285714,1.0,1.023391812865497,Ezreal,../../../assets/set3/champions/ezreal.png,3
12,TFT3_Ashe,17,"{2: 14, 1: 2, 3: 1}","{'Blaster_1': 1, 'Chrono_1': 9, 'Demolitionist_1': 2, 'Mercenary_1': 5, 'Rebel_1': 1, 'Set3_Celestial_2': 9, 'Set3_Mystic_1': 8, 'DarkStar_2': 2, 'Set3_Celestial_1': 7, 'Sniper_1': 14, 'ManaReaver_1': 12, 'Protector_1': 8, 'SpacePirate_1': 8, 'Set3_Blademaster_1': 6, 'Vanguard_1': 5, 'Infiltrator_1': 1, 'Valkyrie_1': 1, 'Vanguard_2': 1, 'Set3_Celestial_3': 1, 'Set3_Sorcerer_1': 1}","{23: {'Id': 23, 'Count': 3, 'Sum_Placement': 11, 'Placement_List': [1, 4, 6], 'Average_Placement': 3.6666666666666665}, 8: {'Id': 8, 'Count': 1, 'Sum_Placement': 1, 'Placement_List': [1], 'Average_Placement': 1.0}, 67: {'Id': 67, 'Count': 1, 'Sum_Placement': 3, 'Placement_List': [3], 'Average_Placement': 3.0}, 34: {'Id': 34, 'Count': 2, 'Sum_Placement': 16, 'Placement_List': [8, 8], 'Average_Placement': 8.0}, 57: {'Id': 57, 'Count': 1, 'Sum_Placement': 8, 'Placement_List': [8], 'Average_Placement': 8.0}, 2: {'Id': 2, 'Count': 1, 'Sum_Placement': 5, 'Placement_List': [5], 'Average_Placement': 5.0}}","{4: 4, 7: 1, 8: 3, 1: 2, 2: 3, 3: 2, 6: 1, 5: 1}",4.235294117647059,1.9411764705882353,0.5294117647058824,2.4853801169590644,Ashe,../../../assets/set3/champions/ashe.png,3
13,TFT3_Jinx,19,"{2: 17, 1: 2, 3: 0}","{'Blaster_1': 16, 'Chrono_1': 7, 'Demolitionist_1': 12, 'Mercenary_1': 16, 'Rebel_1': 6, 'Set3_Celestial_2': 1, 'Set3_Mystic_1': 9, 'Rebel_2': 9, 'SpacePirate_1': 1, 'Starship_1': 10, 'Blaster_2': 2, 'Set3_Brawler_2': 4, 'Set3_Blademaster_1': 4, 'Valkyrie_1': 5, 'Cybernetic_1': 2, 'ManaReaver_1': 2, 'Set3_Celestial_1': 2, 'Vanguard_1': 2, 'SpacePirate_2': 1, 'Set3_Brawler_1': 3}","{29: {'Id': 29, 'Count': 4, 'Sum_Placement': 23, 'Placement_List': [4, 6, 5, 8], 'Average_Placement': 5.75}, 12: {'Id': 12, 'Count': 5, 'Sum_Placement': 25, 'Placement_List': [4, 6, 6, 5, 4], 'Average_Placement': 5.0}, 11: {'Id': 11, 'Count': 5, 'Sum_Placement': 26, 'Placement_List': [6, 5, 6, 4, 5], 'Average_Placement': 5.2}, 22: {'Id': 22, 'Count': 3, 'Sum_Placement': 11, 'Placement_List': [6, 2, 3], 'Average_Placement': 3.6666666666666665}, 79: {'Id': 79, 'Count': 4, 'Sum_Placement': 16, 'Placement_List': [6, 5, 1, 4], 'Average_Placement': 4.0}, 57: {'Id': 57, 'Count': 7, 'Sum_Placement': 33, 'Placement_List': [5, 6, 5, 8, 3, 4, 2], 'Average_Placement': 4.714285714285714}, 15: {'Id': 15, 'Count': 2, 'Sum_Placement': 11, 'Placement_List': [8, 3], 'Average_Placement': 5.5}, 19: {'Id': 19, 'Count': 1, 'Sum_Placement': 8, 'Placement_List': [8], 'Average_Placement': 8.0}, 26: {'Id': 26, 'Count': 5, 'Sum_Placement': 22, 'Placement_List': [6, 6, 4, 4, 2], 'Average_Placement': 4.4}, 69: {'Id': 69, 'Count': 2, 'Sum_Placement': 10, 'Placement_List': [5, 5], 'Average_Placement': 5.0}, 1: {'Id': 1, 'Count': 1, 'Sum_Placement': 2, 'Placement_List': [2], 'Average_Placement': 2.0}, 23: {'Id': 23, 'Count': 2, 'Sum_Placement': 6, 'Placement_List': [2, 4], 'Average_Placement': 3.0}, 24: {'Id': 24, 'Count': 2, 'Sum_Placement': 6, 'Placement_List': [2, 4], 'Average_Placement': 3.0}}","{4: 4, 6: 4, 5: 4, 1: 1, 8: 2, 2: 3, 3: 1, 7: 0}",4.526315789473684,1.894736842105263,2.263157894736842,2.7777777777777777,Jinx,../../../assets/set3/champions/jinx.png,4
14,TFT3_WuKong,28,"{2: 22, 1: 6, 3: 0}","{'Blaster_1': 6, 'Chrono_1': 21, 'Demolitionist_1': 4, 'Mercenary_1': 21, 'Rebel_1': 2, 'Set3_Celestial_2': 2, 'Set3_Mystic_1': 9, 'ManaReaver_1': 20, 'Set3_Blademaster_1': 15, 'Set3_Celestial_1': 19, 'Valkyrie_1': 14, 'Vanguard_1': 13, 'Chrono_2': 2, 'Set3_Sorcerer_3': 3, 'StarGuardian_1': 3, 'Sniper_1': 6, 'SpacePirate_1': 7, 'Cybernetic_1': 4, 'SpacePirate_2': 1, 'Starship_1': 1, 'Vanguard_2': 1, 'Protector_1': 1, 'Set3_Celestial_3': 1, 'Set3_Mystic_2': 1}","{45: {'Id': 45, 'Count': 3, 'Sum_Placement': 18, 'Placement_List': [4, 7, 7], 'Average_Placement': 6.0}, 67: {'Id': 67, 'Count': 2, 'Sum_Placement': 14, 'Placement_List': [8, 6], 'Average_Placement': 7.0}, 47: {'Id': 47, 'Count': 3, 'Sum_Placement': 14, 'Placement_List': [7, 6, 1], 'Average_Placement': 4.666666666666667}, 55: {'Id': 55, 'Count': 2, 'Sum_Placement': 4, 'Placement_List': [3, 1], 'Average_Placement': 2.0}, 6: {'Id': 6, 'Count': 1, 'Sum_Placement': 1, 'Placement_List': [1], 'Average_Placement': 1.0}, 11: {'Id': 11, 'Count': 1, 'Sum_Placement': 2, 'Placement_List': [2], 'Average_Placement': 2.0}, 69: {'Id': 69, 'Count': 1, 'Sum_Placement': 2, 'Placement_List': [2], 'Average_Placement': 2.0}, 33: {'Id': 33, 'Count': 1, 'Sum_Placement': 2, 'Placement_List': [2], 'Average_Placement': 2.0}, 36: {'Id': 36, 'Count': 3, 'Sum_Placement': 13, 'Placement_List': [4, 8, 1], 'Average_Placement': 4.333333333333333}, 39: {'Id': 39, 'Count': 1, 'Sum_Placement': 1, 'Placement_List': [1], 'Average_Placement': 1.0}, 37: {'Id': 37, 'Count': 2, 'Sum_Placement': 8, 'Placement_List': [1, 7], 'Average_Placement': 4.0}, 68: {'Id': 68, 'Count': 3, 'Sum_Placement': 19, 'Placement_List': [7, 4, 8], 'Average_Placement': 6.333333333333333}, 27: {'Id': 27, 'Count': 1, 'Sum_Placement': 8, 'Placement_List': [8], 'Average_Placement': 8.0}, 28: {'Id': 28, 'Count': 1, 'Sum_Placement': 8, 'Placement_List': [8], 'Average_Placement': 8.0}, 15: {'Id': 15, 'Count': 2, 'Sum_Placement': 14, 'Placement_List': [8, 6], 'Average_Placement': 7.0}, 25: {'Id': 25, 'Count': 1, 'Sum_Placement': 6, 'Placement_List': [6], 'Average_Placement': 6.0}}","{4: 4, 3: 3, 8: 5, 7: 5, 1: 5, 2: 1, 5: 2, 6: 3}",4.821428571428571,1.7857142857142858,1.0,4.093567251461988,WuKong,../../../assets/set3/champions/wukong.png,4
15,TFT3_Gangplank,22,"{2: 9, 1: 13, 3: 0}","{'Blaster_1': 11, 'Chrono_1': 9, 'Demolitionist_1': 15, 'Mercenary_1': 22, 'Rebel_1': 3, 'Set3_Celestial_2': 1, 'Set3_Mystic_1': 7, 'Rebel_2': 7, 'SpacePirate_1': 5, 'Starship_1': 7, 'Infiltrator_2': 1, 'MechPilot_1': 1, 'Set3_Sorcerer_1': 1, 'ManaReaver_1': 5, 'Set3_Blademaster_1': 4, 'Set3_Celestial_1': 6, 'Valkyrie_1': 5, 'Chrono_2': 1, 'Set3_Brawler_2': 2, 'Sniper_1': 3, 'Vanguard_1': 4, 'Set3_Sorcerer_3': 3, 'StarGuardian_1': 3, 'SpacePirate_2': 1, 'Set3_Brawler_1': 1, 'Vanguard_2': 1, 'Infiltrator_1': 1, 'Set3_Void_1': 1}","{37: {'Id': 37, 'Count': 4, 'Sum_Placement': 10, 'Placement_List': [4, 3, 1, 2], 'Average_Placement': 2.5}, 15: {'Id': 15, 'Count': 13, 'Sum_Placement': 55, 'Placement_List': [4, 3, 5, 6, 5, 1, 8, 6, 3, 1, 6, 2, 5], 'Average_Placement': 4.230769230769231}, 68: {'Id': 68, 'Count': 1, 'Sum_Placement': 4, 'Placement_List': [4], 'Average_Placement': 4.0}, 44: {'Id': 44, 'Count': 2, 'Sum_Placement': 11, 'Placement_List': [6, 5], 'Average_Placement': 5.5}, 33: {'Id': 33, 'Count': 2, 'Sum_Placement': 12, 'Placement_List': [6, 6], 'Average_Placement': 6.0}, 67: {'Id': 67, 'Count': 2, 'Sum_Placement': 8, 'Placement_List': [3, 5], 'Average_Placement': 4.0}, 25: {'Id': 25, 'Count': 2, 'Sum_Placement': 11, 'Placement_List': [5, 6], 'Average_Placement': 5.5}, 99: {'Id': 99, 'Count': 2, 'Sum_Placement': 9, 'Placement_List': [7, 2], 'Average_Placement': 4.5}, 35: {'Id': 35, 'Count': 2, 'Sum_Placement': 9, 'Placement_List': [6, 3], 'Average_Placement': 4.5}, 36: {'Id': 36, 'Count': 7, 'Sum_Placement': 31, 'Placement_List': [6, 5, 6, 1, 5, 6, 2], 'Average_Placement': 4.428571428571429}, 14: {'Id': 14, 'Count': 1, 'Sum_Placement': 6, 'Placement_List': [6], 'Average_Placement': 6.0}, 79: {'Id': 79, 'Count': 1, 'Sum_Placement': 6, 'Placement_List': [6], 'Average_Placement': 6.0}, 4: {'Id': 4, 'Count': 1, 'Sum_Placement': 1, 'Placement_List': [1], 'Average_Placement': 1.0}, 66: {'Id': 66, 'Count': 1, 'Sum_Placement': 3, 'Placement_List': [3], 'Average_Placement': 3.0}, 58: {'Id': 58, 'Count': 1, 'Sum_Placement': 3, 'Placement_List': [3], 'Average_Placement': 3.0}, 69: {'Id': 69, 'Count': 2, 'Sum_Placement': 7, 'Placement_List': [2, 5], 'Average_Placement': 3.5}, 22: {'Id': 22, 'Count': 1, 'Sum_Placement': 3, 'Placement_List': [3], 'Average_Placement': 3.0}, 59: {'Id': 59, 'Count': 1, 'Sum_Placement': 5, 'Placement_List': [5], 'Average_Placement': 5.0}}","{4: 1, 6: 5, 3: 4, 5: 4, 7: 1, 2: 3, 1: 2, 8: 2}",4.409090909090909,1.4090909090909092,2.090909090909091,3.216374269005848,Gangplank,../../../assets/set3/champions/gangplank.png,5
16,TFT3_TwistedFate,14,"{3: 7, 2: 6, 1: 1}","{'Set3_Sorcerer_3': 5, 'StarGuardian_1': 5, 'Vanguard_1': 3, 'Chrono_1': 12, 'Infiltrator_1': 8, 'Set3_Brawler_2': 7, 'Set3_Sorcerer_1': 9, 'Set3_Void_1': 8, 'Infiltrator_2': 1, 'Set3_Brawler_1': 2, 'Mercenary_1': 3, 'SpacePirate_1': 1, 'Set3_Mystic_1': 1}","{14: {'Id': 14, 'Count': 1, 'Sum_Placement': 5, 'Placement_List': [5], 'Average_Placement': 5.0}, 44: {'Id': 44, 'Count': 2, 'Sum_Placement': 6, 'Placement_List': [5, 1], 'Average_Placement': 3.0}, 17: {'Id': 17, 'Count': 1, 'Sum_Placement': 5, 'Placement_List': [5], 'Average_Placement': 5.0}, 48: {'Id': 48, 'Count': 1, 'Sum_Placement': 3, 'Placement_List': [3], 'Average_Placement': 3.0}, 79: {'Id': 79, 'Count': 1, 'Sum_Placement': 3, 'Placement_List': [3], 'Average_Placement': 3.0}, 33: {'Id': 33, 'Count': 1, 'Sum_Placement': 1, 'Placement_List': [1], 'Average_Placement': 1.0}, 69: {'Id': 69, 'Count': 1, 'Sum_Placement': 1, 'Placement_List': [1], 'Average_Placement': 1.0}, 34: {'Id': 34, 'Count': 1, 'Sum_Placement': 1, 'Placement_List': [1], 'Average_Placement': 1.0}, 39: {'Id': 39, 'Count': 1, 'Sum_Placement': 7, 'Placement_List': [7], 'Average_Placement': 7.0}, 3: {'Id': 3, 'Count': 1, 'Sum_Placement': 7, 'Placement_List': [7], 'Average_Placement': 7.0}}","{5: 3, 2: 1, 4: 2, 3: 2, 1: 2, 7: 2, 6: 2, 8: 0}",4.214285714285714,2.4285714285714284,0.7857142857142857,2.046783625730994,TwistedFate,../../../assets/set3/champions/twistedfate.png,1
17,TFT3_Poppy,3,"{3: 2, 2: 1, 1: 0}","{'Set3_Sorcerer_3': 2, 'StarGuardian_1': 2, 'Vanguard_1': 3, 'Chrono_1': 2, 'ManaReaver_1': 1, 'Mercenary_1': 1, 'Set3_Blademaster_1': 1, 'Valkyrie_1': 1}","{55: {'Id': 55, 'Count': 1, 'Sum_Placement': 5, 'Placement_List': [5], 'Average_Placement': 5.0}, 66: {'Id': 66, 'Count': 2, 'Sum_Placement': 8, 'Placement_List': [5, 3], 'Average_Placement': 4.0}, 17: {'Id': 17, 'Count': 1, 'Sum_Placement': 8, 'Placement_List': [8], 'Average_Placement': 8.0}, 36: {'Id': 36, 'Count': 1, 'Sum_Placement': 3, 'Placement_List': [3], 'Average_Placement': 3.0}, 77: {'Id': 77, 'Count': 1, 'Sum_Placement': 3, 'Placement_List': [3], 'Average_Placement': 3.0}}","{5: 1, 8: 1, 3: 1, 1: 0, 2: 0, 4: 0, 6: 0, 7: 0}",5.333333333333333,2.6666666666666665,2.0,0.43859649122807015,Poppy,../../../assets/set3/champions/poppy.png,1
18,TFT3_Leona,10,"{3: 2, 2: 7, 1: 1}","{'Set3_Sorcerer_3': 1, 'StarGuardian_1': 1, 'Vanguard_1': 2, 'Cybernetic_2': 5, 'ManaReaver_1': 7, 'Set3_Celestial_1': 5, 'Set3_Mystic_1': 1, 'Blaster_1': 5, 'Set3_Blademaster_1': 4, 'Chrono_1': 2, 'Cybernetic_1': 2, 'Mercenary_1': 4, 'Infiltrator_1': 2, 'Valkyrie_1': 1, 'Sniper_1': 1, 'SpacePirate_1': 1, 'Vanguard_2': 1, 'Set3_Brawler_1': 1}","{25: {'Id': 25, 'Count': 1, 'Sum_Placement': 5, 'Placement_List': [5], 'Average_Placement': 5.0}, 3: {'Id': 3, 'Count': 2, 'Sum_Placement': 7, 'Placement_List': [2, 5], 'Average_Placement': 3.5}, 66: {'Id': 66, 'Count': 1, 'Sum_Placement': 8, 'Placement_List': [8], 'Average_Placement': 8.0}, 59: {'Id': 59, 'Count': 1, 'Sum_Placement': 8, 'Placement_List': [8], 'Average_Placement': 8.0}, 88: {'Id': 88, 'Count': 2, 'Sum_Placement': 11, 'Placement_List': [3, 8], 'Average_Placement': 5.5}, 47: {'Id': 47, 'Count': 1, 'Sum_Placement': 5, 'Placement_List': [5], 'Average_Placement': 5.0}, 36: {'Id': 36, 'Count': 2, 'Sum_Placement': 8, 'Placement_List': [4, 4], 'Average_Placement': 4.0}, 17: {'Id': 17, 'Count': 1, 'Sum_Placement': 3, 'Placement_List': [3], 'Average_Placement': 3.0}}","{5: 3, 2: 1, 8: 3, 3: 2, 4: 1, 1: 0, 6: 0, 7: 0}",5.1,2.1,1.1,1.461988304093567,Leona,../../../assets/set3/champions/leona.png,1
19,TFT3_Zoe,6,"{3: 3, 1: 1, 2: 2}","{'Set3_Sorcerer_3': 5, 'StarGuardian_1': 5, 'Vanguard_1': 3, 'Chrono_1': 3, 'Demolitionist_1': 1, 'Infiltrator_2': 1, 'MechPilot_1': 1, 'Set3_Sorcerer_1': 1, 'Mercenary_1': 3, 'SpacePirate_1': 1}","{99: {'Id': 99, 'Count': 2, 'Sum_Placement': 8, 'Placement_List': [5, 3], 'Average_Placement': 4.0}, 88: {'Id': 88, 'Count': 1, 'Sum_Placement': 1, 'Placement_List': [1], 'Average_Placement': 1.0}}","{5: 1, 3: 1, 7: 1, 1: 1, 6: 2, 2: 0, 4: 0, 8: 0}",4.666666666666667,2.3333333333333335,0.5,0.8771929824561403,Zoe,../../../assets/set3/champions/zoe.png,1
20,TFT3_Ahri,5,"{2: 4, 1: 1, 3: 0}","{'Set3_Sorcerer_3': 5, 'StarGuardian_1': 5, 'Vanguard_1': 3, 'Chrono_1': 3, 'Mercenary_1': 3, 'SpacePirate_1': 1}","{59: {'Id': 59, 'Count': 1, 'Sum_Placement': 3, 'Placement_List': [3], 'Average_Placement': 3.0}}","{5: 1, 3: 1, 1: 1, 6: 2, 2: 0, 4: 0, 7: 0, 8: 0}",4.2,1.8,0.2,0.7309941520467835,Ahri,../../../assets/set3/champions/ahri.png,2
21,TFT3_Syndra,5,"{2: 5, 1: 0, 3: 0}","{'Set3_Sorcerer_3': 5, 'StarGuardian_1': 5, 'Vanguard_1': 3, 'Chrono_1': 3, 'Mercenary_1': 3, 'SpacePirate_1': 1}","{59: {'Id': 59, 'Count': 1, 'Sum_Placement': 1, 'Placement_List': [1], 'Average_Placement': 1.0}, 22: {'Id': 22, 'Count': 1, 'Sum_Placement': 6, 'Placement_List': [6], 'Average_Placement': 6.0}}","{5: 1, 3: 1, 1: 1, 6: 2, 2: 0, 4: 0, 7: 0, 8: 0}",4.2,2.0,0.4,0.7309941520467835,Syndra,../../../assets/set3/champions/syndra.png,3
22,TFT3_Lux,11,"{2: 7, 1: 4, 3: 0}","{'Set3_Sorcerer_3': 4, 'StarGuardian_1': 4, 'Vanguard_1': 3, 'DarkStar_2': 2, 'Set3_Celestial_1': 2, 'Set3_Mystic_1': 3, 'Sniper_1': 2, 'Demolitionist_1': 4, 'Infiltrator_2': 5, 'MechPilot_1': 5, 'Mercenary_1': 4, 'Set3_Sorcerer_1': 6, 'Chrono_1': 3, 'Valkyrie_1': 2, 'SpacePirate_1': 1, 'DarkStar_1': 1}","{33: {'Id': 33, 'Count': 1, 'Sum_Placement': 7, 'Placement_List': [7], 'Average_Placement': 7.0}, 28: {'Id': 28, 'Count': 1, 'Sum_Placement': 8, 'Placement_List': [8], 'Average_Placement': 8.0}, 47: {'Id': 47, 'Count': 1, 'Sum_Placement': 2, 'Placement_List': [2], 'Average_Placement': 2.0}}","{5: 2, 7: 2, 3: 2, 1: 1, 2: 2, 8: 1, 6: 1, 4: 0}",4.454545454545454,1.6363636363636365,0.2727272727272727,1.608187134502924,Lux,../../../assets/set3/champions/lux.png,3
23,TFT3_VelKoz,17,"{2: 15, 1: 2, 3: 0}","{'Set3_Sorcerer_3': 4, 'StarGuardian_1': 4, 'Vanguard_1': 2, 'Chrono_1': 14, 'Infiltrator_1': 11, 'Set3_Brawler_2': 9, 'Set3_Sorcerer_1': 12, 'Set3_Void_1': 12, 'Infiltrator_2': 2, 'Set3_Brawler_1': 4, 'Mercenary_1': 4, 'SpacePirate_1': 1, 'Demolitionist_1': 2, 'MechPilot_1': 1, 'Starship_1': 1, 'Set3_Mystic_1': 1}","{3: {'Id': 3, 'Count': 1, 'Sum_Placement': 5, 'Placement_List': [5], 'Average_Placement': 5.0}, 37: {'Id': 37, 'Count': 7, 'Sum_Placement': 29, 'Placement_List': [2, 4, 4, 3, 6, 7, 3], 'Average_Placement': 4.142857142857143}, 69: {'Id': 69, 'Count': 6, 'Sum_Placement': 29, 'Placement_List': [2, 4, 7, 3, 6, 7], 'Average_Placement': 4.833333333333333}, 19: {'Id': 19, 'Count': 2, 'Sum_Placement': 8, 'Placement_List': [2, 6], 'Average_Placement': 4.0}, 28: {'Id': 28, 'Count': 1, 'Sum_Placement': 4, 'Placement_List': [4], 'Average_Placement': 4.0}, 33: {'Id': 33, 'Count': 3, 'Sum_Placement': 17, 'Placement_List': [4, 6, 7], 'Average_Placement': 5.666666666666667}, 24: {'Id': 24, 'Count': 1, 'Sum_Placement': 4, 'Placement_List': [4], 'Average_Placement': 4.0}, 44: {'Id': 44, 'Count': 5, 'Sum_Placement': 21, 'Placement_List': [5, 1, 5, 3, 7], 'Average_Placement': 4.2}, 66: {'Id': 66, 'Count': 2, 'Sum_Placement': 6, 'Placement_List': [5, 1], 'Average_Placement': 3.0}, 14: {'Id': 14, 'Count': 2, 'Sum_Placement': 8, 'Placement_List': [3, 5], 'Average_Placement': 4.0}, 15: {'Id': 15, 'Count': 2, 'Sum_Placement': 9, 'Placement_List': [3, 6], 'Average_Placement': 4.5}, 49: {'Id': 49, 'Count': 1, 'Sum_Placement': 6, 'Placement_List': [6], 'Average_Placement': 6.0}, 79: {'Id': 79, 'Count': 2, 'Sum_Placement': 11, 'Placement_List': [6, 5], 'Average_Placement': 5.5}, 4: {'Id': 4, 'Count': 1, 'Sum_Placement': 7, 'Placement_List': [7], 'Average_Placement': 7.0}, 34: {'Id': 34, 'Count': 1, 'Sum_Placement': 6, 'Placement_List': [6], 'Average_Placement': 6.0}, 39: {'Id': 39, 'Count': 1, 'Sum_Placement': 6, 'Placement_List': [6], 'Average_Placement': 6.0}}","{5: 4, 2: 1, 4: 3, 3: 2, 1: 2, 6: 3, 7: 2, 8: 0}",4.352941176470588,1.8823529411764706,2.235294117647059,2.4853801169590644,VelKoz,../../../assets/set3/champions/velkoz.png,4
24,TFT3_Malphite,22,"{3: 8, 1: 3, 2: 11}","{'Blaster_1': 10, 'Demolitionist_1': 10, 'Mercenary_1': 12, 'Rebel_2': 8, 'SpacePirate_1': 1, 'Starship_1': 8, 'Chrono_1': 11, 'Infiltrator_1': 9, 'Set3_Brawler_2': 12, 'Set3_Sorcerer_1': 8, 'Set3_Void_1': 8, 'Blaster_2': 2, 'Set3_Mystic_1': 9, 'Set3_Blademaster_1': 1, 'Rebel_1': 4, 'Valkyrie_1': 3, 'Set3_Brawler_1': 3}","{45: {'Id': 45, 'Count': 2, 'Sum_Placement': 7, 'Placement_List': [6, 1], 'Average_Placement': 3.5}, 77: {'Id': 77, 'Count': 2, 'Sum_Placement': 11, 'Placement_List': [6, 5], 'Average_Placement': 5.5}, 6: {'Id': 6, 'Count': 2, 'Sum_Placement': 8, 'Placement_List': [6, 2], 'Average_Placement': 4.0}, 55: {'Id': 55, 'Count': 2, 'Sum_Placement': 7, 'Placement_List': [2, 5], 'Average_Placement': 3.5}, 35: {'Id': 35, 'Count': 1, 'Sum_Placement': 2, 'Placement_List': [2], 'Average_Placement': 2.0}, 27: {'Id': 27, 'Count': 1, 'Sum_Placement': 1, 'Placement_List': [1], 'Average_Placement': 1.0}, 36: {'Id': 36, 'Count': 2, 'Sum_Placement': 5, 'Placement_List': [3, 2], 'Average_Placement': 2.5}, 57: {'Id': 57, 'Count': 1, 'Sum_Placement': 3, 'Placement_List': [3], 'Average_Placement': 3.0}, 59: {'Id': 59, 'Count': 1, 'Sum_Placement': 3, 'Placement_List': [3], 'Average_Placement': 3.0}, 13: {'Id': 13, 'Count': 1, 'Sum_Placement': 5, 'Placement_List': [5], 'Average_Placement': 5.0}, 67: {'Id': 67, 'Count': 1, 'Sum_Placement': 2, 'Placement_List': [2], 'Average_Placement': 2.0}}","{6: 3, 2: 4, 5: 5, 1: 2, 4: 2, 8: 1, 3: 3, 7: 2}",4.181818181818182,2.227272727272727,0.7272727272727273,3.216374269005848,Malphite,../../../assets/set3/champions/malphite.png,1
25,TFT3_Graves,5,"{2: 5, 1: 0, 3: 0}","{'Blaster_1': 3, 'Demolitionist_1': 2, 'Mercenary_1': 3, 'Rebel_2': 1, 'SpacePirate_1': 1, 'Starship_1': 3, 'Blaster_2': 2, 'Chrono_1': 2, 'Set3_Brawler_2': 1, 'Cybernetic_2': 1, 'ManaReaver_1': 1, 'Rebel_1': 2, 'SpacePirate_2': 1, 'Vanguard_1': 1, 'Set3_Brawler_1': 1, 'Valkyrie_1': 1}","{88: {'Id': 88, 'Count': 1, 'Sum_Placement': 8, 'Placement_List': [8], 'Average_Placement': 8.0}, 47: {'Id': 47, 'Count': 1, 'Sum_Placement': 4, 'Placement_List': [4], 'Average_Placement': 4.0}}","{6: 2, 8: 2, 4: 1, 1: 0, 2: 0, 3: 0, 5: 0, 7: 0}",6.4,2.0,0.4,0.7309941520467835,Graves,../../../assets/set3/champions/graves.png,1
26,TFT3_MasterYi,6,"{2: 5, 1: 1, 3: 0}","{'Blaster_1': 5, 'Demolitionist_1': 6, 'Mercenary_1': 5, 'Rebel_2': 6, 'SpacePirate_1': 1, 'Starship_1': 4, 'Set3_Mystic_1': 3, 'Set3_Blademaster_1': 2, 'Valkyrie_1': 2}",{},"{6: 2, 5: 2, 1: 1, 2: 1, 3: 0, 4: 0, 7: 0, 8: 0}",4.166666666666667,1.8333333333333333,0.0,0.8771929824561403,MasterYi,../../../assets/set3/champions/masteryi.png,3
27,TFT3_AurelionSol,12,"{1: 7, 2: 5, 3: 0}","{'Blaster_1': 10, 'Demolitionist_1': 10, 'Mercenary_1': 11, 'Rebel_2': 8, 'SpacePirate_1': 1, 'Starship_1': 12, 'Set3_Mystic_1': 7, 'Rebel_1': 3, 'Set3_Brawler_2': 1, 'Valkyrie_1': 4, 'Set3_Blademaster_1': 1, 'Chrono_1': 2, 'Infiltrator_1': 1, 'MechPilot_1': 1, 'Set3_Brawler_1': 3, 'Set3_Sorcerer_1': 1, 'Set3_Void_1': 1, 'SpacePirate_2': 1, 'Vanguard_1': 1, 'Blaster_2': 1}","{55: {'Id': 55, 'Count': 1, 'Sum_Placement': 5, 'Placement_List': [5], 'Average_Placement': 5.0}, 88: {'Id': 88, 'Count': 1, 'Sum_Placement': 6, 'Placement_List': [6], 'Average_Placement': 6.0}, 38: {'Id': 38, 'Count': 3, 'Sum_Placement': 10, 'Placement_List': [6, 2, 2], 'Average_Placement': 3.3333333333333335}, 37: {'Id': 37, 'Count': 1, 'Sum_Placement': 2, 'Placement_List': [2], 'Average_Placement': 2.0}, 15: {'Id': 15, 'Count': 1, 'Sum_Placement': 2, 'Placement_List': [2], 'Average_Placement': 2.0}, 66: {'Id': 66, 'Count': 1, 'Sum_Placement': 2, 'Placement_List': [2], 'Average_Placement': 2.0}, 46: {'Id': 46, 'Count': 1, 'Sum_Placement': 2, 'Placement_List': [2], 'Average_Placement': 2.0}}","{6: 3, 5: 1, 8: 2, 2: 4, 3: 1, 4: 1, 1: 0, 7: 0}",4.5,1.4166666666666667,0.75,1.7543859649122806,AurelionSol,../../../assets/set3/champions/aurelionsol.png,5
28,TFT3_Mordekaiser,3,"{1: 2, 2: 1, 3: 0}","{'DarkStar_2': 2, 'Set3_Celestial_1': 3, 'Set3_Mystic_1': 2, 'Sniper_1': 3, 'Mercenary_1': 1, 'SpacePirate_1': 1, 'Vanguard_2': 1, 'Set3_Sorcerer_1': 1}",{},"{7: 1, 8: 1, 2: 1, 1: 0, 3: 0, 4: 0, 5: 0, 6: 0}",5.666666666666667,1.3333333333333333,0.0,0.43859649122807015,Mordekaiser,../../../assets/set3/champions/mordekaiser.png,2
29,TFT3_Shaco,9,"{2: 6, 3: 3, 1: 0}","{'DarkStar_2': 2, 'Set3_Celestial_1': 2, 'Set3_Mystic_1': 3, 'Sniper_1': 2, 'Demolitionist_1': 5, 'Infiltrator_2': 7, 'MechPilot_1': 6, 'Mercenary_1': 2, 'Set3_Sorcerer_1': 8, 'Chrono_1': 1, 'Set3_Brawler_1': 1, 'Set3_Void_1': 1, 'Valkyrie_1': 2, 'DarkStar_1': 1}","{23: {'Id': 23, 'Count': 2, 'Sum_Placement': 14, 'Placement_List': [7, 7], 'Average_Placement': 7.0}, 69: {'Id': 69, 'Count': 1, 'Sum_Placement': 7, 'Placement_List': [7], 'Average_Placement': 7.0}, 12: {'Id': 12, 'Count': 2, 'Sum_Placement': 5, 'Placement_List': [3, 2], 'Average_Placement': 2.5}, 16: {'Id': 16, 'Count': 3, 'Sum_Placement': 15, 'Placement_List': [3, 7, 5], 'Average_Placement': 5.0}, 26: {'Id': 26, 'Count': 1, 'Sum_Placement': 7, 'Placement_List': [7], 'Average_Placement': 7.0}, 36: {'Id': 36, 'Count': 1, 'Sum_Placement': 5, 'Placement_List': [5], 'Average_Placement': 5.0}, 2: {'Id': 2, 'Count': 1, 'Sum_Placement': 5, 'Placement_List': [5], 'Average_Placement': 5.0}, 57: {'Id': 57, 'Count': 1, 'Sum_Placement': 2, 'Placement_List': [2], 'Average_Placement': 2.0}, 15: {'Id': 15, 'Count': 1, 'Sum_Placement': 2, 'Placement_List': [2], 'Average_Placement': 2.0}, 45: {'Id': 45, 'Count': 1, 'Sum_Placement': 2, 'Placement_List': [2], 'Average_Placement': 2.0}, 6: {'Id': 6, 'Count': 1, 'Sum_Placement': 2, 'Placement_List': [2], 'Average_Placement': 2.0}}","{7: 3, 3: 1, 4: 1, 5: 1, 2: 2, 8: 1, 1: 0, 6: 0}",5.0,2.3333333333333335,1.6666666666666667,1.3157894736842104,Shaco,../../../assets/set3/champions/shaco.png,3
30,TFT3_Karma,12,"{2: 9, 1: 3, 3: 0}","{'DarkStar_2': 2, 'Set3_Celestial_1': 7, 'Set3_Mystic_1': 10, 'Sniper_1': 5, 'Blaster_1': 2, 'Demolitionist_1': 2, 'Mercenary_1': 5, 'Rebel_2': 1, 'Starship_1': 2, 'Rebel_1': 1, 'Set3_Brawler_2': 1, 'Valkyrie_1': 4, 'Chrono_1': 6, 'ManaReaver_1': 5, 'Protector_1': 2, 'Set3_Blademaster_1': 5, 'Set3_Celestial_2': 2, 'DarkStar_1': 1, 'Infiltrator_2': 1, 'MechPilot_1': 1, 'Set3_Sorcerer_1': 2, 'Vanguard_1': 2, 'SpacePirate_1': 1, 'Set3_Mystic_2': 1}","{88: {'Id': 88, 'Count': 1, 'Sum_Placement': 1, 'Placement_List': [1], 'Average_Placement': 1.0}, 17: {'Id': 17, 'Count': 3, 'Sum_Placement': 11, 'Placement_List': [1, 2, 8], 'Average_Placement': 3.6666666666666665}}","{7: 2, 5: 2, 8: 2, 4: 1, 2: 2, 1: 2, 6: 1, 3: 0}",4.666666666666667,1.75,0.3333333333333333,1.7543859649122806,Karma,../../../assets/set3/champions/karma.png,3
31,TFT3_Jhin,9,"{2: 6, 3: 1, 1: 2}","{'DarkStar_2': 2, 'Set3_Celestial_1': 6, 'Set3_Mystic_1': 4, 'Sniper_1': 9, 'ManaReaver_1': 6, 'Protector_1': 2, 'Set3_Celestial_2': 2, 'SpacePirate_1': 7, 'Chrono_1': 2, 'Demolitionist_1': 1, 'Mercenary_1': 3, 'Vanguard_1': 5, 'Vanguard_2': 1, 'Set3_Celestial_3': 1, 'Set3_Sorcerer_1': 1}","{15: {'Id': 15, 'Count': 2, 'Sum_Placement': 9, 'Placement_List': [7, 2], 'Average_Placement': 4.5}, 79: {'Id': 79, 'Count': 4, 'Sum_Placement': 17, 'Placement_List': [2, 8, 2, 5], 'Average_Placement': 4.25}, 29: {'Id': 29, 'Count': 2, 'Sum_Placement': 7, 'Placement_List': [2, 5], 'Average_Placement': 3.5}, 26: {'Id': 26, 'Count': 4, 'Sum_Placement': 22, 'Placement_List': [2, 8, 6, 6], 'Average_Placement': 5.5}, 11: {'Id': 11, 'Count': 3, 'Sum_Placement': 19, 'Placement_List': [8, 6, 5], 'Average_Placement': 6.333333333333333}, 68: {'Id': 68, 'Count': 1, 'Sum_Placement': 4, 'Placement_List': [4], 'Average_Placement': 4.0}, 59: {'Id': 59, 'Count': 1, 'Sum_Placement': 8, 'Placement_List': [8], 'Average_Placement': 8.0}}","{7: 1, 1: 1, 2: 2, 8: 2, 4: 1, 6: 1, 5: 1, 3: 0}",4.777777777777778,1.8888888888888888,1.8888888888888888,1.3157894736842104,Jhin,../../../assets/set3/champions/jhin.png,4
32,TFT3_Darius,6,"{3: 3, 2: 2, 1: 1}","{'ManaReaver_1': 5, 'Protector_1': 3, 'Set3_Celestial_2': 3, 'SpacePirate_1': 5, 'Sniper_1': 4, 'Blaster_1': 1, 'Demolitionist_1': 1, 'Mercenary_1': 1, 'Rebel_1': 1, 'SpacePirate_2': 1, 'Starship_1': 1, 'Vanguard_1': 4, 'Set3_Celestial_3': 1, 'Set3_Celestial_1': 1, 'Set3_Mystic_1': 1}","{39: {'Id': 39, 'Count': 3, 'Sum_Placement': 20, 'Placement_List': [8, 4, 8], 'Average_Placement': 6.666666666666667}, 19: {'Id': 19, 'Count': 2, 'Sum_Placement': 12, 'Placement_List': [8, 4], 'Average_Placement': 6.0}, 36: {'Id': 36, 'Count': 2, 'Sum_Placement': 9, 'Placement_List': [8, 1], 'Average_Placement': 4.5}, 33: {'Id': 33, 'Count': 2, 'Sum_Placement': 9, 'Placement_List': [1, 8], 'Average_Placement': 4.5}, 79: {'Id': 79, 'Count': 1, 'Sum_Placement': 1, 'Placement_List': [1], 'Average_Placement': 1.0}, 49: {'Id': 49, 'Count': 1, 'Sum_Placement': 8, 'Placement_List': [8], 'Average_Placement': 8.0}, 6: {'Id': 6, 'Count': 1, 'Sum_Placement': 8, 'Placement_List': [8], 'Average_Placement': 8.0}, 69: {'Id': 69, 'Count': 2, 'Sum_Placement': 12, 'Placement_List': [4, 8], 'Average_Placement': 6.0}, 47: {'Id': 47, 'Count': 1, 'Sum_Placement': 6, 'Placement_List': [6], 'Average_Placement': 6.0}, 67: {'Id': 67, 'Count': 1, 'Sum_Placement': 6, 'Placement_List': [6], 'Average_Placement': 6.0}}","{8: 3, 1: 1, 4: 1, 6: 1, 2: 0, 3: 0, 5: 0, 7: 0}",5.833333333333333,2.3333333333333335,2.6666666666666665,0.8771929824561403,Darius,../../../assets/set3/champions/darius.png,2
33,TFT3_Rakan,8,"{2: 5, 3: 2, 1: 1}","{'ManaReaver_1': 7, 'Protector_1': 8, 'Set3_Celestial_2': 7, 'SpacePirate_1': 3, 'Sniper_1': 7, 'Chrono_1': 5, 'Set3_Blademaster_1': 5, 'Set3_Mystic_1': 2, 'Infiltrator_1': 1, 'Set3_Celestial_3': 1, 'Vanguard_1': 1}","{47: {'Id': 47, 'Count': 1, 'Sum_Placement': 8, 'Placement_List': [8], 'Average_Placement': 8.0}, 59: {'Id': 59, 'Count': 1, 'Sum_Placement': 1, 'Placement_List': [1], 'Average_Placement': 1.0}, 45: {'Id': 45, 'Count': 3, 'Sum_Placement': 8, 'Placement_List': [1, 4, 3], 'Average_Placement': 2.6666666666666665}, 46: {'Id': 46, 'Count': 1, 'Sum_Placement': 4, 'Placement_List': [4], 'Average_Placement': 4.0}, 49: {'Id': 49, 'Count': 1, 'Sum_Placement': 2, 'Placement_List': [2], 'Average_Placement': 2.0}, 67: {'Id': 67, 'Count': 2, 'Sum_Placement': 3, 'Placement_List': [2, 1], 'Average_Placement': 1.5}, 14: {'Id': 14, 'Count': 2, 'Sum_Placement': 5, 'Placement_List': [2, 3], 'Average_Placement': 2.5}, 37: {'Id': 37, 'Count': 1, 'Sum_Placement': 3, 'Placement_List': [3], 'Average_Placement': 3.0}, 2: {'Id': 2, 'Count': 1, 'Sum_Placement': 1, 'Placement_List': [1], 'Average_Placement': 1.0}}","{8: 1, 1: 2, 4: 3, 2: 1, 3: 1, 5: 0, 6: 0, 7: 0}",3.375,2.125,1.625,1.1695906432748537,Rakan,../../../assets/set3/champions/rakan.png,2
34,TFT3_XinZhao,5,"{2: 2, 3: 1, 1: 2}","{'ManaReaver_1': 5, 'Protector_1': 3, 'Set3_Celestial_2': 3, 'SpacePirate_1': 4, 'Sniper_1': 3, 'Blaster_1': 1, 'Chrono_1': 1, 'Cybernetic_1': 1, 'Set3_Blademaster_1': 1, 'Set3_Celestial_1': 1, 'Vanguard_1': 3, 'Set3_Celestial_3': 1}","{15: {'Id': 15, 'Count': 1, 'Sum_Placement': 1, 'Placement_List': [1], 'Average_Placement': 1.0}, 17: {'Id': 17, 'Count': 1, 'Sum_Placement': 5, 'Placement_List': [5], 'Average_Placement': 5.0}}","{8: 2, 1: 1, 5: 1, 4: 1, 2: 0, 3: 0, 6: 0, 7: 0}",5.2,1.8,0.4,0.7309941520467835,XinZhao,../../../assets/set3/champions/xinzhao.png,2
35,TFT3_Jayce,15,"{2: 12, 3: 2, 1: 1}","{'ManaReaver_1': 11, 'Protector_1': 4, 'Set3_Celestial_2': 5, 'SpacePirate_1': 10, 'Sniper_1': 7, 'Chrono_1': 7, 'Mercenary_1': 8, 'Set3_Blademaster_1': 3, 'Set3_Celestial_1': 7, 'Valkyrie_1': 4, 'Vanguard_1': 10, 'Demolitionist_1': 3, 'Set3_Mystic_1': 4, 'Set3_Sorcerer_3': 1, 'StarGuardian_1': 1, 'Blaster_1': 1, 'Rebel_1': 1, 'SpacePirate_2': 1, 'Starship_1': 1, 'Vanguard_2': 1, 'Set3_Celestial_3': 1}","{5: {'Id': 5, 'Count': 1, 'Sum_Placement': 8, 'Placement_List': [8], 'Average_Placement': 8.0}, 55: {'Id': 55, 'Count': 1, 'Sum_Placement': 8, 'Placement_List': [8], 'Average_Placement': 8.0}, 3: {'Id': 3, 'Count': 1, 'Sum_Placement': 8, 'Placement_List': [8], 'Average_Placement': 8.0}, 99: {'Id': 99, 'Count': 2, 'Sum_Placement': 9, 'Placement_List': [1, 8], 'Average_Placement': 4.5}, 6: {'Id': 6, 'Count': 1, 'Sum_Placement': 7, 'Placement_List': [7], 'Average_Placement': 7.0}, 15: {'Id': 15, 'Count': 1, 'Sum_Placement': 1, 'Placement_List': [1], 'Average_Placement': 1.0}, 44: {'Id': 44, 'Count': 1, 'Sum_Placement': 1, 'Placement_List': [1], 'Average_Placement': 1.0}, 36: {'Id': 36, 'Count': 2, 'Sum_Placement': 5, 'Placement_List': [1, 4], 'Average_Placement': 2.5}, 67: {'Id': 67, 'Count': 1, 'Sum_Placement': 8, 'Placement_List': [8], 'Average_Placement': 8.0}, 69: {'Id': 69, 'Count': 1, 'Sum_Placement': 4, 'Placement_List': [4], 'Average_Placement': 4.0}, 47: {'Id': 47, 'Count': 1, 'Sum_Placement': 4, 'Placement_List': [4], 'Average_Placement': 4.0}, 45: {'Id': 45, 'Count': 2, 'Sum_Placement': 12, 'Placement_List': [6, 6], 'Average_Placement': 6.0}, 17: {'Id': 17, 'Count': 1, 'Sum_Placement': 6, 'Placement_List': [6], 'Average_Placement': 6.0}}","{8: 5, 1: 4, 7: 2, 2: 1, 4: 1, 6: 1, 5: 1, 3: 0}",5.0,2.066666666666667,1.0666666666666667,2.1929824561403506,Jayce,../../../assets/set3/champions/jayce.png,3
36,TFT3_KaiSa,9,"{3: 5, 2: 2, 1: 2}","{'Demolitionist_1': 7, 'Infiltrator_2': 6, 'MechPilot_1': 6, 'Mercenary_1': 3, 'Set3_Sorcerer_1': 7, 'Chrono_1': 2, 'ManaReaver_1': 1, 'Set3_Blademaster_1': 1, 'Set3_Celestial_2': 1, 'Valkyrie_1': 4, 'DarkStar_1': 1, 'Set3_Mystic_1': 2, 'Blaster_1': 1, 'Rebel_2': 1, 'Starship_1': 1, 'Infiltrator_1': 1, 'Set3_Brawler_1': 1}","{37: {'Id': 37, 'Count': 4, 'Sum_Placement': 19, 'Placement_List': [3, 7, 7, 2], 'Average_Placement': 4.75}, 33: {'Id': 33, 'Count': 1, 'Sum_Placement': 3, 'Placement_List': [3], 'Average_Placement': 3.0}, 36: {'Id': 36, 'Count': 1, 'Sum_Placement': 3, 'Placement_List': [3], 'Average_Placement': 3.0}, 57: {'Id': 57, 'Count': 1, 'Sum_Placement': 1, 'Placement_List': [1], 'Average_Placement': 1.0}, 69: {'Id': 69, 'Count': 2, 'Sum_Placement': 9, 'Placement_List': [1, 8], 'Average_Placement': 4.5}, 44: {'Id': 44, 'Count': 1, 'Sum_Placement': 7, 'Placement_List': [7], 'Average_Placement': 7.0}, 14: {'Id': 14, 'Count': 3, 'Sum_Placement': 20, 'Placement_List': [7, 5, 8], 'Average_Placement': 6.666666666666667}, 38: {'Id': 38, 'Count': 4, 'Sum_Placement': 22, 'Placement_List': [7, 5, 2, 8], 'Average_Placement': 5.5}, 25: {'Id': 25, 'Count': 1, 'Sum_Placement': 5, 'Placement_List': [5], 'Average_Placement': 5.0}, 34: {'Id': 34, 'Count': 1, 'Sum_Placement': 2, 'Placement_List': [2], 'Average_Placement': 2.0}}","{3: 1, 1: 1, 7: 3, 5: 1, 2: 2, 8: 1, 4: 0, 6: 0}",4.666666666666667,2.3333333333333335,2.111111111111111,1.3157894736842104,KaiSa,../../../assets/set3/champions/kaisa.png,2
37,TFT3_Annie,7,"{3: 5, 2: 2, 1: 0}","{'Demolitionist_1': 6, 'Infiltrator_2': 6, 'MechPilot_1': 7, 'Mercenary_1': 2, 'Set3_Sorcerer_1': 7, 'Valkyrie_1': 2, 'DarkStar_1': 1, 'Set3_Mystic_1': 1, 'Chrono_1': 1, 'Infiltrator_1': 1, 'Set3_Brawler_1': 1, 'Set3_Void_1': 1, 'Starship_1': 1}","{69: {'Id': 69, 'Count': 1, 'Sum_Placement': 6, 'Placement_List': [6], 'Average_Placement': 6.0}}","{3: 1, 7: 2, 5: 1, 6: 1, 2: 1, 8: 1, 1: 0, 4: 0}",5.428571428571429,2.7142857142857144,0.14285714285714285,1.023391812865497,Annie,../../../assets/set3/champions/annie.png,2
38,TFT3_Rumble,13,"{2: 6, 1: 5, 3: 2}","{'Demolitionist_1': 12, 'Infiltrator_2': 6, 'MechPilot_1': 7, 'Mercenary_1': 6, 'Set3_Sorcerer_1': 7, 'Chrono_1': 4, 'ManaReaver_1': 2, 'Set3_Blademaster_1': 2, 'Set3_Celestial_2': 1, 'Valkyrie_1': 5, 'Blaster_1': 3, 'Chrono_2': 1, 'Rebel_2': 2, 'Set3_Mystic_1': 4, 'Rebel_1': 1, 'Set3_Brawler_2': 1, 'Set3_Celestial_1': 1, 'Sniper_1': 1, 'SpacePirate_1': 1, 'Vanguard_1': 1, 'DarkStar_1': 1, 'Infiltrator_1': 1, 'Set3_Brawler_1': 1, 'Set3_Void_1': 1, 'Starship_1': 2}","{59: {'Id': 59, 'Count': 1, 'Sum_Placement': 3, 'Placement_List': [3], 'Average_Placement': 3.0}, 55: {'Id': 55, 'Count': 6, 'Sum_Placement': 32, 'Placement_List': [3, 7, 7, 5, 2, 8], 'Average_Placement': 5.333333333333333}, 79: {'Id': 79, 'Count': 2, 'Sum_Placement': 5, 'Placement_List': [3, 2], 'Average_Placement': 2.5}, 68: {'Id': 68, 'Count': 1, 'Sum_Placement': 1, 'Placement_List': [1], 'Average_Placement': 1.0}, 27: {'Id': 27, 'Count': 1, 'Sum_Placement': 7, 'Placement_List': [7], 'Average_Placement': 7.0}, 69: {'Id': 69, 'Count': 4, 'Sum_Placement': 22, 'Placement_List': [7, 5, 2, 8], 'Average_Placement': 5.5}, 25: {'Id': 25, 'Count': 1, 'Sum_Placement': 5, 'Placement_List': [5], 'Average_Placement': 5.0}, 15: {'Id': 15, 'Count': 1, 'Sum_Placement': 2, 'Placement_List': [2], 'Average_Placement': 2.0}, 17: {'Id': 17, 'Count': 1, 'Sum_Placement': 2, 'Placement_List': [2], 'Average_Placement': 2.0}}","{3: 1, 1: 2, 7: 3, 5: 2, 2: 3, 6: 1, 8: 1, 4: 0}",4.3076923076923075,1.7692307692307692,1.3846153846153846,1.9005847953216373,Rumble,../../../assets/set3/champions/rumble.png,3
39,TFT3_Fizz,17,"{1: 1, 2: 16, 3: 0}","{'Demolitionist_1': 7, 'Infiltrator_2': 7, 'MechPilot_1': 7, 'Mercenary_1': 3, 'Set3_Sorcerer_1': 15, 'Chrono_1': 10, 'Infiltrator_1': 10, 'Set3_Brawler_2': 8, 'Set3_Void_1': 10, 'Set3_Brawler_1': 2, 'Valkyrie_1': 2, 'ManaReaver_1': 1, 'Protector_1': 1, 'Set3_Blademaster_1': 1, 'Set3_Celestial_2': 1, 'Sniper_1': 1, 'DarkStar_1': 1, 'Set3_Mystic_1': 2, 'Starship_1': 1}","{45: {'Id': 45, 'Count': 2, 'Sum_Placement': 9, 'Placement_List': [4, 5], 'Average_Placement': 4.5}, 12: {'Id': 12, 'Count': 2, 'Sum_Placement': 5, 'Placement_List': [4, 1], 'Average_Placement': 2.5}, 2: {'Id': 2, 'Count': 1, 'Sum_Placement': 4, 'Placement_List': [4], 'Average_Placement': 4.0}, 59: {'Id': 59, 'Count': 1, 'Sum_Placement': 5, 'Placement_List': [5], 'Average_Placement': 5.0}, 5: {'Id': 5, 'Count': 1, 'Sum_Placement': 6, 'Placement_List': [6], 'Average_Placement': 6.0}, 17: {'Id': 17, 'Count': 1, 'Sum_Placement': 7, 'Placement_List': [7], 'Average_Placement': 7.0}, 57: {'Id': 57, 'Count': 1, 'Sum_Placement': 1, 'Placement_List': [1], 'Average_Placement': 1.0}, 34: {'Id': 34, 'Count': 1, 'Sum_Placement': 3, 'Placement_List': [3], 'Average_Placement': 3.0}, 39: {'Id': 39, 'Count': 1, 'Sum_Placement': 3, 'Placement_List': [3], 'Average_Placement': 3.0}}","{3: 3, 2: 2, 4: 3, 5: 3, 7: 3, 6: 1, 1: 1, 8: 1}",4.470588235294118,1.9411764705882353,0.6470588235294118,2.4853801169590644,Fizz,../../../assets/set3/champions/fizz.png,4
40,TFT3_Ekko,9,"{1: 4, 2: 5, 3: 0}","{'Demolitionist_1': 2, 'Infiltrator_2': 2, 'MechPilot_1': 2, 'Mercenary_1': 4, 'Set3_Sorcerer_1': 2, 'Cybernetic_2': 5, 'ManaReaver_1': 7, 'Set3_Celestial_1': 4, 'Set3_Mystic_1': 1, 'Blaster_1': 3, 'Set3_Blademaster_1': 4, 'Cybernetic_1': 2, 'Infiltrator_1': 2, 'Valkyrie_1': 2, 'Chrono_1': 1}","{4: {'Id': 4, 'Count': 2, 'Sum_Placement': 6, 'Placement_List': [3, 3], 'Average_Placement': 3.0}, 99: {'Id': 99, 'Count': 1, 'Sum_Placement': 2, 'Placement_List': [2], 'Average_Placement': 2.0}, 19: {'Id': 19, 'Count': 1, 'Sum_Placement': 3, 'Placement_List': [3], 'Average_Placement': 3.0}, 27: {'Id': 27, 'Count': 1, 'Sum_Placement': 3, 'Placement_List': [3], 'Average_Placement': 3.0}, 9: {'Id': 9, 'Count': 1, 'Sum_Placement': 8, 'Placement_List': [8], 'Average_Placement': 8.0}, 57: {'Id': 57, 'Count': 2, 'Sum_Placement': 9, 'Placement_List': [5, 4], 'Average_Placement': 4.5}, 34: {'Id': 34, 'Count': 1, 'Sum_Placement': 4, 'Placement_List': [4], 'Average_Placement': 4.0}, 59: {'Id': 59, 'Count': 1, 'Sum_Placement': 3, 'Placement_List': [3], 'Average_Placement': 3.0}, 25: {'Id': 25, 'Count': 1, 'Sum_Placement': 3, 'Placement_List': [3], 'Average_Placement': 3.0}}","{3: 3, 2: 2, 8: 2, 5: 1, 4: 1, 1: 0, 6: 0, 7: 0}",4.222222222222222,1.5555555555555556,1.2222222222222223,1.3157894736842104,Ekko,../../../assets/set3/champions/ekko.png,5
41,TFT3_KhaZix,15,"{3: 9, 2: 6, 1: 0}","{'Chrono_1': 10, 'Infiltrator_1': 10, 'Set3_Brawler_2': 8, 'Set3_Sorcerer_1': 14, 'Set3_Void_1': 10, 'Infiltrator_2': 5, 'Set3_Brawler_1': 3, 'MechPilot_1': 5, 'Valkyrie_1': 1, 'Demolitionist_1': 5, 'DarkStar_1': 1, 'Set3_Mystic_1': 2, 'Starship_1': 1, 'Mercenary_1': 1}","{15: {'Id': 15, 'Count': 9, 'Sum_Placement': 40, 'Placement_List': [2, 4, 5, 3, 6, 7, 1, 5, 7], 'Average_Placement': 4.444444444444445}, 12: {'Id': 12, 'Count': 1, 'Sum_Placement': 2, 'Placement_List': [2], 'Average_Placement': 2.0}, 26: {'Id': 26, 'Count': 1, 'Sum_Placement': 2, 'Placement_List': [2], 'Average_Placement': 2.0}, 22: {'Id': 22, 'Count': 6, 'Sum_Placement': 28, 'Placement_List': [4, 4, 5, 3, 7, 5], 'Average_Placement': 4.666666666666667}, 16: {'Id': 16, 'Count': 1, 'Sum_Placement': 4, 'Placement_List': [4], 'Average_Placement': 4.0}, 17: {'Id': 17, 'Count': 1, 'Sum_Placement': 4, 'Placement_List': [4], 'Average_Placement': 4.0}, 24: {'Id': 24, 'Count': 1, 'Sum_Placement': 4, 'Placement_List': [4], 'Average_Placement': 4.0}, 19: {'Id': 19, 'Count': 6, 'Sum_Placement': 32, 'Placement_List': [5, 7, 1, 5, 7, 7], 'Average_Placement': 5.333333333333333}, 66: {'Id': 66, 'Count': 1, 'Sum_Placement': 3, 'Placement_List': [3], 'Average_Placement': 3.0}, 45: {'Id': 45, 'Count': 1, 'Sum_Placement': 6, 'Placement_List': [6], 'Average_Placement': 6.0}, 57: {'Id': 57, 'Count': 1, 'Sum_Placement': 1, 'Placement_List': [1], 'Average_Placement': 1.0}}","{2: 1, 4: 2, 5: 3, 7: 4, 3: 2, 6: 1, 1: 1, 8: 1}",4.933333333333334,2.6,1.9333333333333333,2.1929824561403506,KhaZix,../../../assets/set3/champions/khazix.png,1
42,TFT3_Blitzcrank,19,"{2: 14, 1: 5, 3: 0}","{'Chrono_1': 15, 'Infiltrator_1': 10, 'Set3_Brawler_2': 12, 'Set3_Sorcerer_1': 10, 'Set3_Void_1': 10, 'Blaster_2': 2, 'Infiltrator_2': 1, 'Set3_Brawler_1': 4, 'Blaster_1': 4, 'Demolitionist_1': 3, 'Mercenary_1': 8, 'Rebel_1': 4, 'Set3_Mystic_1': 4, 'Starship_1': 3, 'Valkyrie_1': 5, 'ManaReaver_1': 3, 'Set3_Blademaster_1': 3, 'Set3_Celestial_1': 3, 'MechPilot_1': 1, 'Cybernetic_1': 1, 'Chrono_2': 1}","{88: {'Id': 88, 'Count': 1, 'Sum_Placement': 5, 'Placement_List': [5], 'Average_Placement': 5.0}, 67: {'Id': 67, 'Count': 2, 'Sum_Placement': 13, 'Placement_List': [6, 7], 'Average_Placement': 6.5}}","{2: 1, 6: 3, 4: 3, 5: 3, 8: 1, 3: 2, 1: 2, 7: 4}",4.7894736842105265,1.736842105263158,0.15789473684210525,2.7777777777777777,Blitzcrank,../../../assets/set3/champions/blitzcrank.png,2
43,TFT3_Vi,23,"{2: 17, 1: 6, 3: 0}","{'Chrono_1': 13, 'Infiltrator_1': 11, 'Set3_Brawler_2': 12, 'Set3_Sorcerer_1': 8, 'Set3_Void_1': 8, 'Blaster_2': 1, 'Cybernetic_2': 5, 'ManaReaver_1': 8, 'Set3_Celestial_1': 5, 'Set3_Mystic_1': 5, 'Blaster_1': 9, 'Demolitionist_1': 3, 'Mercenary_1': 9, 'Rebel_1': 3, 'Set3_Blademaster_1': 5, 'Starship_1': 2, 'Valkyrie_1': 3, 'Cybernetic_1': 3, 'Rebel_2': 1, 'Set3_Brawler_1': 3}","{47: {'Id': 47, 'Count': 2, 'Sum_Placement': 10, 'Placement_List': [6, 4], 'Average_Placement': 5.0}, 5: {'Id': 5, 'Count': 2, 'Sum_Placement': 14, 'Placement_List': [6, 8], 'Average_Placement': 7.0}, 4: {'Id': 4, 'Count': 1, 'Sum_Placement': 2, 'Placement_List': [2], 'Average_Placement': 2.0}, 45: {'Id': 45, 'Count': 1, 'Sum_Placement': 5, 'Placement_List': [5], 'Average_Placement': 5.0}, 36: {'Id': 36, 'Count': 4, 'Sum_Placement': 17, 'Placement_List': [3, 3, 8, 3], 'Average_Placement': 4.25}, 77: {'Id': 77, 'Count': 1, 'Sum_Placement': 4, 'Placement_List': [4], 'Average_Placement': 4.0}, 67: {'Id': 67, 'Count': 1, 'Sum_Placement': 5, 'Placement_List': [5], 'Average_Placement': 5.0}, 38: {'Id': 38, 'Count': 1, 'Sum_Placement': 3, 'Placement_List': [3], 'Average_Placement': 3.0}, 35: {'Id': 35, 'Count': 1, 'Sum_Placement': 4, 'Placement_List': [4], 'Average_Placement': 4.0}}","{2: 2, 6: 2, 5: 4, 8: 3, 4: 4, 3: 5, 7: 2, 1: 1}",4.608695652173913,1.7391304347826086,0.6086956521739131,3.3625730994152043,Vi,../../../assets/set3/champions/vi.png,3
44,TFT3_ChoGath,20,"{2: 19, 1: 1, 3: 0}","{'Chrono_1': 16, 'Infiltrator_1': 11, 'Set3_Brawler_2': 15, 'Set3_Sorcerer_1': 11, 'Set3_Void_1': 12, 'Blaster_2': 2, 'Infiltrator_2': 1, 'Set3_Brawler_1': 5, 'Blaster_1': 6, 'Demolitionist_1': 3, 'Mercenary_1': 8, 'Rebel_1': 5, 'Set3_Mystic_1': 4, 'Starship_1': 3, 'Valkyrie_1': 2, 'MechPilot_1': 1}","{59: {'Id': 59, 'Count': 1, 'Sum_Placement': 6, 'Placement_List': [6], 'Average_Placement': 6.0}, 77: {'Id': 77, 'Count': 1, 'Sum_Placement': 6, 'Placement_List': [6], 'Average_Placement': 6.0}, 47: {'Id': 47, 'Count': 1, 'Sum_Placement': 5, 'Placement_List': [5], 'Average_Placement': 5.0}, 36: {'Id': 36, 'Count': 1, 'Sum_Placement': 4, 'Placement_List': [4], 'Average_Placement': 4.0}, 25: {'Id': 25, 'Count': 1, 'Sum_Placement': 6, 'Placement_List': [6], 'Average_Placement': 6.0}, 34: {'Id': 34, 'Count': 1, 'Sum_Placement': 6, 'Placement_List': [6], 'Average_Placement': 6.0}, 79: {'Id': 79, 'Count': 1, 'Sum_Placement': 3, 'Placement_List': [3], 'Average_Placement': 3.0}, 66: {'Id': 66, 'Count': 1, 'Sum_Placement': 3, 'Placement_List': [3], 'Average_Placement': 3.0}, 46: {'Id': 46, 'Count': 1, 'Sum_Placement': 3, 'Placement_List': [3], 'Average_Placement': 3.0}}","{2: 1, 6: 4, 4: 6, 5: 3, 8: 1, 3: 3, 7: 1, 1: 1}",4.5,1.95,0.45,2.923976608187134,ChoGath,../../../assets/set3/champions/chogath.png,4
45,TFT3_Irelia,23,"{2: 19, 3: 1, 1: 3}","{'Chrono_1': 17, 'ManaReaver_1': 23, 'Mercenary_1': 13, 'Set3_Blademaster_1': 20, 'Set3_Celestial_1': 16, 'Valkyrie_1': 12, 'Vanguard_1': 4, 'Cybernetic_2': 5, 'Set3_Mystic_1': 7, 'Blaster_1': 6, 'Protector_1': 3, 'Set3_Celestial_2': 3, 'Sniper_1': 3, 'Cybernetic_1': 5, 'Infiltrator_1': 3, 'Set3_Mystic_2': 1}","{99: {'Id': 99, 'Count': 3, 'Sum_Placement': 10, 'Placement_List': [3, 6, 1], 'Average_Placement': 3.3333333333333335}, 44: {'Id': 44, 'Count': 4, 'Sum_Placement': 18, 'Placement_List': [8, 2, 3, 5], 'Average_Placement': 4.5}, 19: {'Id': 19, 'Count': 10, 'Sum_Placement': 42, 'Placement_List': [2, 2, 3, 8, 8, 4, 5, 4, 3, 3], 'Average_Placement': 4.2}, 49: {'Id': 49, 'Count': 2, 'Sum_Placement': 12, 'Placement_List': [8, 4], 'Average_Placement': 6.0}, 29: {'Id': 29, 'Count': 5, 'Sum_Placement': 23, 'Placement_List': [3, 8, 4, 5, 3], 'Average_Placement': 4.6}, 11: {'Id': 11, 'Count': 4, 'Sum_Placement': 16, 'Placement_List': [1, 4, 7, 4], 'Average_Placement': 4.0}, 17: {'Id': 17, 'Count': 2, 'Sum_Placement': 4, 'Placement_List': [1, 3], 'Average_Placement': 2.0}, 55: {'Id': 55, 'Count': 1, 'Sum_Placement': 5, 'Placement_List': [5], 'Average_Placement': 5.0}, 79: {'Id': 79, 'Count': 1, 'Sum_Placement': 3, 'Placement_List': [3], 'Average_Placement': 3.0}, 35: {'Id': 35, 'Count': 1, 'Sum_Placement': 3, 'Placement_List': [3], 'Average_Placement': 3.0}, 26: {'Id': 26, 'Count': 1, 'Sum_Placement': 3, 'Placement_List': [3], 'Average_Placement': 3.0}, 2: {'Id': 2, 'Count': 1, 'Sum_Placement': 7, 'Placement_List': [7], 'Average_Placement': 7.0}}","{3: 5, 8: 4, 7: 2, 2: 1, 1: 4, 4: 4, 5: 2, 6: 1}",4.304347826086956,1.9130434782608696,1.5217391304347827,3.3625730994152043,Irelia,../../../assets/set3/champions/irelia.png,4
46,TFT3_Kayle,26,"{2: 19, 1: 4, 3: 3}","{'Chrono_1': 18, 'ManaReaver_1': 20, 'Mercenary_1': 19, 'Set3_Blademaster_1': 21, 'Set3_Celestial_1': 17, 'Valkyrie_1': 21, 'Vanguard_1': 5, 'Demolitionist_1': 4, 'Set3_Celestial_2': 1, 'Blaster_1': 7, 'Chrono_2': 2, 'Cybernetic_2': 3, 'Set3_Mystic_1': 7, 'Rebel_1': 2, 'Set3_Brawler_2': 1, 'Starship_1': 3, 'Infiltrator_2': 1, 'MechPilot_1': 1, 'Set3_Sorcerer_1': 1, 'Cybernetic_1': 4, 'Rebel_2': 1, 'Infiltrator_1': 2, 'Blaster_2': 1, 'Set3_Brawler_1': 1, 'Set3_Mystic_2': 1}","{37: {'Id': 37, 'Count': 2, 'Sum_Placement': 4, 'Placement_List': [3, 1], 'Average_Placement': 2.0}, 23: {'Id': 23, 'Count': 19, 'Sum_Placement': 91, 'Placement_List': [3, 8, 8, 7, 1, 6, 1, 1, 5, 1, 7, 6, 6, 7, 1, 1, 8, 7, 7], 'Average_Placement': 4.7894736842105265}, 15: {'Id': 15, 'Count': 6, 'Sum_Placement': 36, 'Placement_List': [3, 8, 7, 5, 6, 7], 'Average_Placement': 6.0}, 69: {'Id': 69, 'Count': 8, 'Sum_Placement': 26, 'Placement_List': [7, 1, 1, 5, 1, 3, 7, 1], 'Average_Placement': 3.25}, 38: {'Id': 38, 'Count': 1, 'Sum_Placement': 1, 'Placement_List': [1], 'Average_Placement': 1.0}, 29: {'Id': 29, 'Count': 1, 'Sum_Placement': 7, 'Placement_List': [7], 'Average_Placement': 7.0}, 17: {'Id': 17, 'Count': 2, 'Sum_Placement': 14, 'Placement_List': [7, 7], 'Average_Placement': 7.0}, 33: {'Id': 33, 'Count': 2, 'Sum_Placement': 13, 'Placement_List': [6, 7], 'Average_Placement': 6.5}, 22: {'Id': 22, 'Count': 4, 'Sum_Placement': 13, 'Placement_List': [6, 3, 3, 1], 'Average_Placement': 3.25}, 34: {'Id': 34, 'Count': 1, 'Sum_Placement': 5, 'Placement_List': [5], 'Average_Placement': 5.0}, 12: {'Id': 12, 'Count': 1, 'Sum_Placement': 5, 'Placement_List': [5], 'Average_Placement': 5.0}, 39: {'Id': 39, 'Count': 1, 'Sum_Placement': 1, 'Placement_List': [1], 'Average_Placement': 1.0}, 24: {'Id': 24, 'Count': 1, 'Sum_Placement': 1, 'Placement_List': [1], 'Average_Placement': 1.0}, 28: {'Id': 28, 'Count': 1, 'Sum_Placement': 3, 'Placement_List': [3], 'Average_Placement': 3.0}}","{3: 4, 8: 3, 7: 6, 1: 5, 6: 3, 5: 2, 4: 3, 2: 0}",4.730769230769231,1.9615384615384615,1.9230769230769231,3.8011695906432745,Kayle,../../../assets/set3/champions/kayle.png,4
47,TFT3_MissFortune,31,"{1: 19, 2: 12, 3: 0}","{'Chrono_1': 16, 'ManaReaver_1': 16, 'Mercenary_1': 31, 'Set3_Blademaster_1': 16, 'Set3_Celestial_1': 15, 'Valkyrie_1': 22, 'Vanguard_1': 4, 'Blaster_1': 15, 'Demolitionist_1': 10, 'Rebel_2': 7, 'Set3_Mystic_1': 13, 'Starship_1': 8, 'Chrono_2': 2, 'Rebel_1': 3, 'Set3_Brawler_2': 2, 'Cybernetic_1': 3, 'Cybernetic_2': 1, 'Infiltrator_1': 1, 'Set3_Brawler_1': 3, 'Blaster_2': 1, 'Infiltrator_2': 1, 'MechPilot_1': 1, 'Set3_Sorcerer_1': 1, 'Set3_Sorcerer_3': 1, 'StarGuardian_1': 1}","{17: {'Id': 17, 'Count': 3, 'Sum_Placement': 11, 'Placement_List': [3, 4, 4], 'Average_Placement': 3.6666666666666665}, 13: {'Id': 13, 'Count': 1, 'Sum_Placement': 3, 'Placement_List': [3], 'Average_Placement': 3.0}, 9: {'Id': 9, 'Count': 1, 'Sum_Placement': 8, 'Placement_List': [8], 'Average_Placement': 8.0}, 99: {'Id': 99, 'Count': 2, 'Sum_Placement': 14, 'Placement_List': [7, 7], 'Average_Placement': 7.0}, 44: {'Id': 44, 'Count': 4, 'Sum_Placement': 24, 'Placement_List': [7, 8, 1, 8], 'Average_Placement': 6.0}, 1: {'Id': 1, 'Count': 1, 'Sum_Placement': 7, 'Placement_List': [7], 'Average_Placement': 7.0}, 33: {'Id': 33, 'Count': 5, 'Sum_Placement': 31, 'Placement_List': [8, 6, 2, 8, 7], 'Average_Placement': 6.2}, 49: {'Id': 49, 'Count': 2, 'Sum_Placement': 14, 'Placement_List': [8, 6], 'Average_Placement': 7.0}, 79: {'Id': 79, 'Count': 2, 'Sum_Placement': 7, 'Placement_List': [6, 1], 'Average_Placement': 3.5}, 57: {'Id': 57, 'Count': 4, 'Sum_Placement': 20, 'Placement_List': [6, 3, 6, 5], 'Average_Placement': 5.0}, 15: {'Id': 15, 'Count': 1, 'Sum_Placement': 6, 'Placement_List': [6], 'Average_Placement': 6.0}, 19: {'Id': 19, 'Count': 1, 'Sum_Placement': 1, 'Placement_List': [1], 'Average_Placement': 1.0}, 69: {'Id': 69, 'Count': 3, 'Sum_Placement': 11, 'Placement_List': [1, 2, 8], 'Average_Placement': 3.6666666666666665}, 3: {'Id': 3, 'Count': 1, 'Sum_Placement': 1, 'Placement_List': [1], 'Average_Placement': 1.0}, 12: {'Id': 12, 'Count': 1, 'Sum_Placement': 4, 'Placement_List': [4], 'Average_Placement': 4.0}, 34: {'Id': 34, 'Count': 2, 'Sum_Placement': 5, 'Placement_List': [4, 1], 'Average_Placement': 2.5}, 16: {'Id': 16, 'Count': 1, 'Sum_Placement': 6, 'Placement_List': [6], 'Average_Placement': 6.0}, 39: {'Id': 39, 'Count': 4, 'Sum_Placement': 21, 'Placement_List': [6, 5, 2, 8], 'Average_Placement': 5.25}, 38: {'Id': 38, 'Count': 2, 'Sum_Placement': 7, 'Placement_List': [2, 5], 'Average_Placement': 3.5}, 22: {'Id': 22, 'Count': 1, 'Sum_Placement': 2, 'Placement_List': [2], 'Average_Placement': 2.0}, 25: {'Id': 25, 'Count': 1, 'Sum_Placement': 6, 'Placement_List': [6], 'Average_Placement': 6.0}, 7: {'Id': 7, 'Count': 1, 'Sum_Placement': 2, 'Placement_List': [2], 'Average_Placement': 2.0}}","{3: 3, 8: 5, 7: 5, 5: 3, 6: 5, 1: 3, 4: 3, 2: 4}",4.903225806451613,1.3870967741935485,1.4193548387096775,4.5321637426900585,MissFortune,../../../assets/set3/champions/missfortune.png,5
48,TFT3_Lucian,8,"{2: 5, 1: 3, 3: 0}","{'Blaster_2': 1, 'Chrono_1': 3, 'Set3_Brawler_2': 1, 'Cybernetic_2': 5, 'ManaReaver_1': 7, 'Set3_Celestial_1': 4, 'Set3_Mystic_1': 1, 'Blaster_1': 4, 'Set3_Blademaster_1': 5, 'Cybernetic_1': 2, 'Vanguard_1': 1, 'Infiltrator_1': 2, 'Mercenary_1': 2, 'Valkyrie_1': 2}","{57: {'Id': 57, 'Count': 6, 'Sum_Placement': 29, 'Placement_List': [6, 2, 8, 3, 7, 3], 'Average_Placement': 4.833333333333333}, 29: {'Id': 29, 'Count': 1, 'Sum_Placement': 2, 'Placement_List': [2], 'Average_Placement': 2.0}, 19: {'Id': 19, 'Count': 1, 'Sum_Placement': 8, 'Placement_List': [8], 'Average_Placement': 8.0}, 56: {'Id': 56, 'Count': 1, 'Sum_Placement': 3, 'Placement_List': [3], 'Average_Placement': 3.0}, 88: {'Id': 88, 'Count': 1, 'Sum_Placement': 5, 'Placement_List': [5], 'Average_Placement': 5.0}, 5: {'Id': 5, 'Count': 1, 'Sum_Placement': 5, 'Placement_List': [5], 'Average_Placement': 5.0}, 34: {'Id': 34, 'Count': 1, 'Sum_Placement': 7, 'Placement_List': [7], 'Average_Placement': 7.0}, 26: {'Id': 26, 'Count': 1, 'Sum_Placement': 7, 'Placement_List': [7], 'Average_Placement': 7.0}}","{6: 1, 2: 1, 8: 1, 3: 2, 5: 2, 7: 1, 1: 0, 4: 0}",4.875,1.625,1.625,1.1695906432748537,Lucian,../../../assets/set3/champions/lucian.png,2
49,TFT3_Yasuo,5,"{3: 2, 2: 3, 1: 0}","{'Demolitionist_1': 5, 'Rebel_2': 5, 'Set3_Blademaster_1': 2, 'Set3_Mystic_1': 3, 'Blaster_1': 4, 'Mercenary_1': 4, 'Starship_1': 3, 'Valkyrie_1': 1}","{15: {'Id': 15, 'Count': 1, 'Sum_Placement': 1, 'Placement_List': [1], 'Average_Placement': 1.0}, 29: {'Id': 29, 'Count': 1, 'Sum_Placement': 1, 'Placement_List': [1], 'Average_Placement': 1.0}, 79: {'Id': 79, 'Count': 1, 'Sum_Placement': 1, 'Placement_List': [1], 'Average_Placement': 1.0}, 57: {'Id': 57, 'Count': 1, 'Sum_Placement': 2, 'Placement_List': [2], 'Average_Placement': 2.0}}","{1: 1, 6: 1, 2: 2, 5: 1, 3: 0, 4: 0, 7: 0, 8: 0}",3.2,2.4,0.8,0.7309941520467835,Yasuo,../../../assets/set3/champions/yasuo.png,2
50,TFT3_Xerath,4,"{2: 2, 1: 2, 3: 0}","{'Chrono_1': 2, 'Set3_Sorcerer_3': 2, 'StarGuardian_1': 2, 'Vanguard_1': 2, 'Mercenary_1': 2, 'DarkStar_2': 1, 'Set3_Celestial_1': 2, 'Set3_Mystic_1': 1, 'Set3_Sorcerer_1': 1, 'Sniper_1': 2, 'ManaReaver_1': 1, 'SpacePirate_1': 1}","{69: {'Id': 69, 'Count': 2, 'Sum_Placement': 5, 'Placement_List': [3, 2], 'Average_Placement': 2.5}, 37: {'Id': 37, 'Count': 2, 'Sum_Placement': 8, 'Placement_List': [3, 5], 'Average_Placement': 4.0}, 23: {'Id': 23, 'Count': 3, 'Sum_Placement': 9, 'Placement_List': [2, 2, 5], 'Average_Placement': 3.0}, 24: {'Id': 24, 'Count': 1, 'Sum_Placement': 5, 'Placement_List': [5], 'Average_Placement': 5.0}}","{3: 1, 6: 1, 2: 1, 5: 1, 1: 0, 4: 0, 7: 0, 8: 0}",4.0,1.5,2.0,0.5847953216374269,Xerath,../../../assets/set3/champions/xerath.png,5
